,category,idea,sustainability,social,pitch
0,Sustainable living and climate solutions,Carbon accounting services for SMBs. ,1.0,,"Pitch: CarbonPath — Carbon accounting for SMBs, made simple, affordable, and action-driven.

Problem
Small and mid-market businesses face rising regulatory demands, investor expectations, and growing energy costs, yet most carbon accounting tools are enterprise-grade, costly, and require in-house sustainability expertise. SMBs struggle with data fragmentation (ERP, meters, payroll), opaque emission factors, and opaque ROI on decarbonization efforts.

Solution
CarbonPath is an SMB-focused carbon accounting platform that automates data ingestion, calculation, and reporting for Scope 1–3 emissions. Key features:
- One-click data connectors to ERP (Xero, QuickBooks, NetSuite), HR/payroll, energy meters, and procurement systems.
- Automated, auditable GHG calculations using up-to-date emission factors; supports baselines, targets, and scenario planning.
- Investor-ready and regulator-friendly reports (GHG inventories, science-based targets, TCFD-style disclosures).
- Actionable insights: decarbonization playbooks, cost-saving energy optimization, and supplier engagement tools.
- Compliance and assurance: audit trails, versioning, SOC 2-style data security, and optional third-party verification.

Business Model
- SaaS subscription with tiered plans (Starter, Growth, Enterprise) plus usage-based add-ons (audits, supplier portal, advisory).
- Revenue streams: monthly recurring revenue, premium connectors, and advisory services (data-cleanup, target setting, verification prep).
- LTV/CAC optimized by partnerships with accounting firms, MSPs, and ERP integrators.

Market
- Global SMBs (1–250 employees) are increasingly asked to report and reduce emissions. Initial addressable market focuses on the US, UK, and Europe.
- Go-to-market trajectory: piloting with accounting firms and energy consultants; leveraging channel partners for scale.
- Early traction indicators: pilot implementations with 10–20 advisory partners; 100+ trial SMBs in 12 months; targeted ARR of $2–5M by Year 2; expanding to $15–25M ARR by Year 3.

Competition and Differentiation
- Competing platforms tend toward enterprise pricing and complexity (e.g., larger ESG suites). SMB-focused players exist but often lack seamless accounting integrations or practical decarbonization guidance.
- CarbonPath differentiation: affordable, plug-and-play for SMBs; tight ERP/HR data integration; clear ROI through energy savings and risk reduction; modular add-ons for advisory and verification.

Technology and Security
- Cloud-native, data-first architecture; robust API ecosystem; automated data normalization and traceable emission factors; role-based access; SOC 2-aligned controls.
- Scalable to global emission factors and local reporting requirements; supports multi-currency and multi-entity structures.

Impact and Vision
- Accelerate SMB-driven decarbonization, enabling smaller businesses to benchmark, report, and reduce emissions without needing sustainability staff.
- Benefits: cost reductions through efficiency, improved investor and customer trust, and contribution to global climate targets.

Team and Fundraising
- Founders blend accounting/ESG expertise, data science, and enterprise SaaS growth experience; advisory board includes CPAs, energy consultants, and ERP specialists.
- Ask: Seed round of $4–6M to finish product, launch pilot with 100 SMBs, build channel partnerships, and achieve product-market fit; milestones: MVP v1, SOC 2 readiness, first 50 paying SMBs, and $1M ARR by Year 2."
1,Sustainable living and climate solutions,Reusable packaging company.,1.0,,"Pitch: LoopPack — Reusable Packaging as a Service for a Regenerative Retail Economy

Problem
- Global single-use packaging creates waste, costs carbon, and strains waste systems. Brands face rising regulatory pressure and consumer demand for circular solutions.
- Consumers dislike waste and the hassle of recycling; retailers pay hidden costs for disposal and brand risk from pollution.

Solution
- LoopPack provides a closed-loop reusable packaging platform: standardized, modular pallets and containers that cycle between brands, retailers, and consumers.
- A deposit-based return network, centralized cleaning/refurbishment hubs, and an intelligent data platform to track lifecycle, date codes, and contamination risk.
- End-to-end service: supply, collection, cleaning, refurbishing, logistics, and lifecycle analytics.

Market opportunity
- Large, growing packaging market with a clear shift toward circularity, driven by brands, retailers, and regulators.
- Initial focus on high-volume sectors: beverages, ready-to-eat meals, groceries, and fast-casual. Urban hubs enable rapid network effects and lower cleaning/transport costs.

Business model
- Packaging as a Service: monthly lease per unit with a per-use charge; deposit returned on packaging return.
- Cleaning and refurbishment fees; centralized or mobile cleaning hubs.
- Data platform licensing and lifecycle analytics for brands (supply chain transparency, contamination tracking, and sustainability reporting).
- Optional carbon credits and ESG incentives monetized through partnerships.

Traction and validation
- Pilot programs with 3 regional retailers and 2 CPG brands showing strong consumer engagement, reduced single-use packaging by 60–75%, and repeat-use cycles exceeding 4–6 per pack in the first quarter.
- Early metrics indicate 20–40% lower total packaging cost per cycle over 12–18 months, with significant waste diversion.

Technology and IP
- RFID/NFC tagging for real-time tracking; a cloud-based platform with dashboards for brands, retailers, and waste authorities.
- Modular, durable materials designed for 20–50 reuse cycles; standardized sizes to simplify cleaning and packing operations.
- Data-driven routing optimization reduces empty-mileage and improves hub utilization.

Competitive advantage
- Closed-loop network with local cleaning hubs, enabling fast returns and high reuse rates.
- Strong data backbone enabling brands to report circularity metrics, reduce risk, and differentiate with verified sustainability claims.
- Higher reuse yields through standardized packaging and optimized logistics.

Sustainability and impact
- Targeted to cut virgin packaging use and plastic leakage; measurable reductions in GHG and water use per cycle.
- Transparent lifecycle data helps partners meet regulatory and consumer-facing ESG commitments.

Team
- Co-founders with backgrounds in packaging engineering, supply chain operations, and SaaS platforms; advisory board includes sustainability experts and logistics veterans.

Roadmap and asks
- 18-month plan: launch 6 hubs, onboard 25 brands, 100k packaging cycles, and expand to 5 metro areas.
- Funding ask: $4–5 million to scale operations, strengthen cleaning capacity, and build the data platform.

Why now
- Increasing regulatory pressure, consumer demand for circular products, and the economics of reuse are converging. LoopPack enables brands to lead with verifiable circularity while reducing waste and costs."
2,Sustainable living and climate solutions,Sustainable landscaping and lawn care.,1.0,,"VerdantEarth: Sustainable Landscaping and Lawn Care

Elevator pitch
VerdantEarth reimagines outdoor spaces as climate-positive assets. We replace water-intensive lawns with drought-tolerant natives, pollinator-friendly meadows, and regenerative soil practices—delivering lower water use, fewer chemicals, richer biodiversity, and enduring curb appeal for residential, commercial, and municipal clients. Our design-build-maintain model combines horticulture expertise with smart irrigation, data tracking, and scalable services.

Problem
Lawn care in many regions drains water, pesticides, and fossil-fuel use, contributes to runoff and biodiversity loss, and results in escalating maintenance costs for property owners. Conventional lawns underperform in a changing climate, yet many customers lack guidance and reliable access to sustainable, cost-effective alternatives.

Solution
- Landscape design focused on: native and drought-tolerant plant palettes, pollinator habitats, rain gardens, and soil-first landscaping.
- Regenerative practices: soil health improvements, composting, organic fertilizers, reduced chemical inputs, and integrated pest management.
- Smart, efficient irrigation: weather-based controllers, soil moisture sensors, and drip systems to minimize waste.
- Ongoing maintenance: year-round care using electric equipment, timely plantings, seasonal meadow conversions, and performance reporting.
- Optional product line: native seed blends, organic amendments, and eco-lawn starter kits for DIY customers.

Market
- Target segments: homeowners, HOAs, property management firms, and small to mid-size commercial properties in water-stressed markets.
- Large and growing multi-billion-dollar opportunity across North America and Europe, with increasing demand for climate-smart, low-maintenance landscaping and regulatory pressure on chemical use.

Business model
- Revenue streams: design-build projects, tiered maintenance subscriptions (basic, pro, and premium), and a product/equipment store for eco-lawn and soil products.
- Pricing: transparent, outcome-driven plans (water savings guarantees where feasible) with predictable monthly recurring revenue.
- Partnerships: collaborate with nurseries for native stock, irrigation suppliers, and local governments for pilot programs and incentives.

Competitive advantage
- Deep sustainability focus: native and drought-tolerant ecosystems, soil health as a core service.
- Data-driven operations: irrigation optimization, plant performance analytics, and measurable environmental impact.
- Asset-light, scalable model: efficient crews, electric equipment, and modular service packages.
- Certifications and credentials: ISA-certified arborists/landscape professionals, sustainability accreditations, and green business practices.

Traction and roadmap
- Pilot programs in 2-3 cities; 50+ residential contracts and 3 commercial properties within 12 months.
- Short-term milestones: complete 100 design-build projects, reduce client irrigation water use by 20-40% on average, and publish 5 case studies.
- Long-term: expand to 6-8 metros, launch a DIY eco-lawn product line, and develop a customer portal for ongoing landscape performance tracking.

Team
- Founder with horticulture and regenerative design background; co-founder with software/IoT for irrigation optimization; advisory board including landscape architects, ecologists, and municipal sustainability leaders.

Ask
- Seed round of $2–3 million to scale field operations, accelerate product development, expand marketing, and establish strategic partnerships. Use of funds: design-build capacity, sensor-enabled maintenance, workforce training, and go-to-market campaigns.

Impact
- Concrete environmental benefits: reduced water use, fewer chemical inputs, increased urban biodiversity, and cooler, healthier outdoor spaces.

Join VerdantEarth to turn every lawn into a climate-smart green asset."
3,Sustainable living and climate solutions,Home energy audit and retrofitting service.,1.0,,"Pitch: BrightNest Energy — End-to-End Home Energy Audit and Retrofitting Service

Overview
BrightNest Energy delivers comprehensive, data-driven home energy audits and turnkey retrofitting services to reduce energy bills, increase comfort, and cut carbon emissions for homeowners and multi-family buildings.

Problem
- Residential buildings waste substantial energy due to air leaks, poor insulation, inefficient HVAC, single-pane windows, and suboptimal controls.
- Homeowners face fragmented solutions, opaque payback periods, and financing barriers, delaying meaningful upgrades.
- Inaction costs: higher bills, degraded comfort, and missed climate targets.

Solution
- End-to-end service: rapid, professional energy audits using our AI-enhanced assessment platform, thermography, blower-door testing, and sub-metering to produce a precise retrofit plan.
- Turnkey retrofitting: insulation, air sealing, window upgrades, efficient heating/cooling systems, smart thermostats, solar-ready electrical, and airtight ventilation as needed.
- Financing and project management: bundled financing partners, upfront rebates, permits handling, and end-to-end project execution with quality control and warranty.

Business Model
- Revenue streams: (1) Audit fees (tiered by home size), (2) Retrofit contracts (fixed-price or milestone-based), (3) Financing and maintenance add-ons, (4) Energy monitoring subscriptions post-retrofit.
- Margins: high gross margins on consulting plus scalable software-driven planning; contractor network enables scalable, consistent execution.
- Pricing psychology: transparent, payback-focused proposals highlighting annual energy savings and comfort gains.

Product/Service Features
- Audit: 3D energy model, heat loss visualization, equipment sizing, and prioritized retrofit roadmap.
- Retrofit: modular kits (insulation, HVAC, windows, air sealing), performance-based commissioning, and smart-control integration.
- Monitoring: post-installation energy monitoring dashboard and annual check-ins.
- Financing ecosystem: quick-qualify loans, rebates, and utility incentives integrated into proposals.

Market Opportunity
- Large addressable market in new and existing homes, with growing demand for comfort, resilience, and decarbonization.
- Initial focus: regions with aggressive energy-efficiency incentives and dense housing stock; expansion to multi-family and small commercial sectors.

Competitive Advantage
- End-to-end, data-driven approach with a single accountable partner.
- Proprietary energy-modeling tool that translates audits into actionable, cost-justified retrofit plans.
- Strong financing partnerships and a vetted contractor network for predictable quality and timelines.
- Transparent impact metrics: projected AI-optimized savings, payback, and CO2 reduction.

Go-to-Market
- Partnerships: real estate brokers, insurers, utilities, municipalities, and property management firms.
- Direct-to-consumer marketing: neighborhood campaigns, home improvement events, and referrals.
- Pilot programs with 100–200 homes in 12 months to establish case studies and refine operations.

Traction (pilot plan)
- Target 50–100 audits in 6 months, 70% converting to retrofit contracts, average payback under 5–7 years.

Impact and Metrics
- Targeted energy savings per home: 15–40% reduction.
- CO2 reduction per retrofit: substantial lifecycle impact over 10–20 years.
- Customer outcome: measurable comfort improvements and lower energy bills.

Team
- Founders with expertise in building science, energy systems, and scalable service delivery; operations and data science leads; partnerships and field operations.

Ask
- Seed funding to finalize software, build contractor network, and launch initial pilots; use of funds: product development, hiring, marketing, and working capital for retrofit projects.

Timeline
- 0–6 months: platform beta, 20 pilot retrofits; 6–12 months: scale to 200+ audits, expand markets."
4,Sustainable living and climate solutions,Green building consulting for commercial properties.,1.0,,"EcoStructure Partners (ESP) — Green building consulting for commercial properties that unlocks carbon, cost, and occupant health improvements through end-to-end retrofit planning and a data-driven platform.

Problem
- Commercial real estate stock is aging, energy-intensive, and often misaligned with decarbonization mandates, tenant demand for healthy spaces, and rising operating costs.
- Retrofit projects are fragmented: assessment, design, certification, and post-occupancy optimization are disjointed, slowing ROI.
- Owners struggle to prioritize projects, access rebates, and prove impact to stakeholders.

Solution
- End-to-end green building consulting: energy/audit modeling, retrofit design (envelope, HVAC, lighting, controls), certification support (LEED/WELL/local EPCs), procurement, and project management.
- ESP Insight: a cloud-based platform that prioritizes upgrades using AI-driven energy ROI, lifecycle cost analysis, and real-time performance dashboards; integrates with BIM/CAD and tenant comfort metrics.
- Flexible engagements: one-off retrofit roadmaps, multi-year implementation programs, and ongoing optimization with performance-based engagement.

Market
- Target: commercial property owners, REITs, property managers, and developers with portfolios ranging from 5 to 500 assets.
- Growing demand driven by energy codes, ESG investor criteria, rising utility incentives, and tenant expectations for healthier buildings. The market includes retrofits, new-build optimization, and certification-driven projects.

Business Model
- Advisory fees for assessments and retrofit design.
- Project delivery fees (construction management and certification support).
- ESP Insight platform subscription for ongoing monitoring, controls optimization, and quarterly ROI reporting.
- Performance-based incentives and utility/rebate sharing where applicable.
- Strategic partnerships with EPCs, manufacturers, and utility programs to expand deal flow.

Competitive Advantage
- Integrated approach: combines high-fidelity energy modeling, retrofit design, certification, and a live-performance platform under one roof.
- Data-driven prioritization: AI-annotated roadmaps maximize ROI and minimize disruption.
- Strong ecosystem: established relationships with utilities, equipment vendors, and certification bodies; faster certification cycles and rebate access.
- Clear ROI storytelling: quantified energy savings, demand reduction, and occupant health benefits tied to board-level metrics.

Go-To-Market
- Pilot program with 2–3 mid-to-large property portfolios to demonstrate ROI and case studies.
- Partnerships with asset managers, EPCs, and engineering firms to scale deal flow.
- Campaigns targeting CRE conferences, ESG investor networks, and utility-sponsored programs.
- Scalable sales motions: enterprise deals for portfolios, and modular services for individual buildings.

Traction / Milestones
- MVP of ESP Insight launched; completed 2 pilot assessments; preliminary energy-saving roadmap with documented savings potential.
- Secured letters of intent from two property managers for multi-asset retrofit programs.

Team
- Founders with backgrounds in energy modeling, building physics, and sustainable project delivery; advisory board includes ESG investors and CRE executives.

Financials & Use of Funds
- Seed round sought: $2–3M to finalize ESP Insight, hire energy modelers/software engineers, and scale pilots.
- Use: 40% product development, 30% go-to-market, 20% operations, 10% reserve.

Impact
- Target portfolio-level energy reductions, improved indoor air quality, and accelerated decarbonization timelines for commercial properties.

Ask
- Seeking partners and investors aligned with scalable, impact-driven CRE decarbonization. Let’s pilot and unlock the value of sustainable, healthier commercial spaces together."
5,"Health, wellness, and aging",At-home diagnostics and lab-testing services. ,,1.0,"Problem
As the global population ages, chronic diseases rise and access to convenient, timely diagnostics becomes a bottleneck. Elderly individuals, caregivers, and rural patients face travel barriers, long wait times, and fragmented data across providers. Delays in testing delay treatment adjustments, worsen outcomes, and drive higher healthcare costs.

Solution
Ahome Diagnostics & Lab Services (AhomeDx) delivers clinician-ordered or consumer-initiated lab testing at home or via ultra-convenient mail-in kits, with rapid, CLIA-certified lab processing and a caregiver-inclusive digital platform. We combine flexible sample collection (certified phlebotomists for in-home draws or user-friendly dried-blood/urine kits), fast lab turnaround, and clinician-led interpretation to deliver actionable health insights for aging and wellness.

Product & Technology
- Mobile app and patient portal: ordering, scheduling, status tracking, and secure results.
- Home phlebotomy network + mail-in kits: scalable, compliant specimen collection.
- Integrated lab network: centralized processing with standardized panels (lipids, HbA1c, kidney function, thyroid, vitamin D, inflammatory markers, specialty panels for aging-related risk).
- AI-driven risk scoring and care recommendations: early warnings, personalized screening calendars, and care coordination with primary care or telemedicine.
- Data privacy and interoperability: HIPAA-compliant cloud, audit trails, consent management, and EMR/EHR integrations.
- Care collaboration: caregiver access, telehealth follow-ups, and referral pathways.

Market & Opportunity
- Total addressable market spans aging populations, chronic disease management, corporate senior-wellness programs, and payer-sponsored health management.
- High demand for in-home diagnostics that reduce fatigue, travel, and time commitment while enabling continuous monitoring and proactive care.

Business Model
- Direct-to-consumer tests and subscription panels (monthly/quarterly aging-focused panels).
- B2B: employer wellness programs, health plans, senior-living communities, and home-care agencies via white-label or co-branded solutions.
- Revenue streams: per-test fees, subscription access, and value-based partnerships with payers/health systems. Potential upsell to telemedicine consultations and care management services.

Go-To-Market
- Pilot programs with senior living campuses and home-health agencies to validate workflows and caregiver adoption.
- Partnerships with PCPs and specialty clinics focused on geriatrics and chronic disease management.
- Marketing channels: digital health platforms, physician and caregiver networks, community outreach, and incentive programs for early adopters.

Competition & Differentiators
- Competitors include direct-to-consumer lab platforms and traditional mobile-phlebotomy networks. Differentiators: aging-centric care analytics, clinician-led result interpretation, deeper care coordination, caregiver-inclusive access, and seamless EHR integration that enables longitudinal health management.

Regulatory & Compliance
- CLIA-certified lab partnerships; HIPAA-compliant data handling; patient consent and privacy controls; scalable governance for clinical results and telehealth integration.

Team & Momentum
- Founders with healthcare operations, clinical governance, and digital health experience; medical director partnerships; experienced CTO; early pilots demonstrating user engagement and caregiver satisfaction.

Financials & Ask
- Seed round (~$5–8M) to scale lab partnerships, field staff, platform development, regulatory compliance, and go-to-market.
- Use of funds: platform engineering, clinico-operational partnerships, payer engagements, and pilots; target run-rate profitability within 24–36 months.

Vision
To empower aging in place through accessible, accurate at-home diagnostics, turning every test into a proactive step toward healthier, longer lives."
6,"Health, wellness, and aging",Women-focused wellness products or clinics.,,1.0,"SheBloom Wellness: Women-Focused Wellness Clinics and Product Platform

Problem
- Women face fragmented, gender-insensitive care across menopause, hormonal health, pelvic floor, bone health, fertility later in life, and mental wellness.
- Access gaps exist for aging women in urban and rural areas; stigma and clinician shortages reduce engagement.
- Market demand is rising for integrated, evidence-based care that combines services with consumer products tailored to women’s life stages.

Solution
- A vertically integrated platform delivering women-centric clinics (in-person and telemedicine) plus a curated product line (nutraceuticals, skincare, sexual wellness, and at-home diagnostics) to support menopause, aging, and overall well-being.
- Personalization via a digital health platform: triage, clinician-led care plans, remote monitoring, and ongoing coaching.
- Female-led network of OB-GYNs, endocrinologists, pelvic-health experts, mental health professionals, and nutritionists.

Market Opportunity
- Global women’s health and aging wellness represents a multi-billion-dollar, underserved market with rising demand for integrated care and trusted products.
- Initial focus on North America and select EU markets offers scalable regulatory and reimbursement pathways, with potential expansion to APAC.

Product & Services
- Clinics: Primary care + menopause/endocrinology clinics; telemedicine; in-clinic diagnostics and pelvic floor therapy.
- Digital platform: Symptom tracking, personalized care plans, telehealth visits, biometric data integration, membership benefits.
- Product line: Clinically reviewed supplements, hormone-supporting nutraceuticals, skincare for aging skin, sexual-health products, and at-home diagnostic tests (hormone, bone health markers) with clinician oversight.
- Programs: 12-week menopause symptom management, post-partum recovery, osteoporosis prevention, and stress/mental wellness coaching.

Business Model
- Revenue streams: Fee-for-service clinic visits, telemedicine subscriptions, product sales (direct-to-consumer and in-clinic), and corporate/insurance partnerships for employee wellness.
- Membership tiers provide ongoing access to clinicians, digital coaching, and preferred pricing on products.
- Unit economics emphasize high-margin product sales and efficient telehealth delivery, with clinical margins protected by bundled care packages.

Go-To-Market
- Partnerships with obstetric/gynecology practices, midwives, fitness centers, and senior care facilities; employee wellness programs targeted at midlife women.
- Digital marketing focused on community storytelling, social proof, and influencer partnerships; education events on menopause and aging.
- Regulatory readiness: HIPAA-compliant platform; FDA-compliant product labeling; partnerships with GMP-certified manufacturers.

Traction & Milestones
- Pilot in 2 metros; 6–12 months to validate care protocols, product assortment, and unit economics.
- Milestones: 5 clinics + remote care network; 50k app sign-ups; 100k product units sold; data-driven outcomes demonstrating symptom reduction.

Team
- Co-founders: a physician with women’s health expertise and a digital health entrepreneur; a CMO with consumer wellness experience; a CTO with health-tech infrastructure know-how.
- Advisory board: menopause specialist, pelvic-health physical therapist, nutritionist, and regulatory/compliance advisor.

Financials & KPIs
- Path to profitability by year 3 with expanding margins on product sales and scalable telemedicine.
- Key metrics: CAC/LTV, clinic utilization rate, telemedicine adoption, product gross margin, repeat purchase rate, patient-reported outcome improvements.

Investment Ask
- Seek $5–8M to fund clinical expansion, product development, regulatory compliance, and platform growth; use of funds: clinical operations, R&D, manufacturing partnerships, and go-to-market.

Impact
- Improve quality of life for aging women, empower informed health decisions, and create a trusted, evidence-based ecosystem around women’s wellness."
7,"Health, wellness, and aging",Mobile physical therapy or rehab services.,,1.0,"Elevator pitch
StrideHome PT is a mobile physical therapy platform delivering licensed PT and rehab services at patients’ homes, senior-living communities, and post-acute sites. We pair clinician-led care with data-driven remote monitoring to improve function, lower readmissions, and support aging in place.

Problem
Aging populations face limited in-home access to rehab—transport barriers, hospital readmissions, and fragmented care. Post-acute rehab often ends too soon, leaving patients at risk of falls, deconditioning, and progressive disability. Rural and low-income seniors are underserved, while clinics struggle with capacity constraints and high no-show rates.

Solution
A nationwide network of licensed physical therapists who visit patients where they live, with 60–90 minute sessions, evidence-based protocols, and integrated home exercise programs. Between visits, patients use a clinician-guided remote rehab app, wearables for progress checks, and tele-rehab check-ins. We coordinate with physicians, family caregivers, and payers to ensure seamless care plans and measurable outcomes.

Product and technology
- Clinician app: visit prep, treatment protocols, documentation, and outcomes tracking.
- Patient app: guided exercises, reminders, safety tips, and progress dashboards.
- Tele-rehab module for interim sessions and remote coaching.
- HIPAA-compliant EHR integration, scheduling, route optimization, and analytics to drive care decisions.
- Care coordination features: lab results, referrals, and alerting for red flags (pain spikes, fall risk).

Market opportunity
Multi-billion-dollar U.S. home rehab and aging-in-place market, with strong growth from Medicare/Medicaid, private pay, and value-based contracts. Primary segments: independently living seniors, post-acute patients, and senior living communities seeking safer, cost-effective rehab programs.

Business model
- Revenue streams: per-visit reimbursement (CPT-based), value-based contracts with payers, partnerships with hospitals and ACOs, and equipment/rental add-ons.
- B2B2C partnerships with health plans, employer-sponsored retiree programs, and senior living operators.
- Optional subscription for ongoing remote monitoring and caregiver training.
- Scalable through therapist network management and digital routing.

Traction and milestones
- Pilots in two metro areas with senior communities and hospital partners underway; initial feedback shows high adherence and strong patient satisfaction.
- Plans to expand to five markets in year 1, establish 5–7 payer contracts, and achieve positive unit economics with scale.

Competitive advantage
- Licensed PTs delivering in-home, safety-first care tailored to aging needs.
- End-to-end platform: scheduling, care coordination, remote rehab, and outcomes analytics.
- Strong payer and provider partnerships, enabling access, affordability, and continuity of care.
- Clear focus on fall prevention, deconditioning, and functional independence.

Regulatory and risk
- Licensed PTs must be employed or contracted with appropriate state licensure and malpractice coverage.
- HIPAA-compliant data handling, CMS and payer contract compliance, clear caregiver safeguards, and consent protocols.

Team
- Co-founders with clinical rehab, health-tech product, and operations leadership; advisory board with seniors care, payer, and clinical partners.

Funding ask and use of funds
- Seeking $5–7 million seed to build platform, recruit 25–40 PTs, secure 2–3 payer contracts, and scale to 5–7 markets over 12–18 months.
- Use: platform development (40%), clinician onboarding and credentialing (30%), payer contracting and partnerships (20%), marketing and field ops (10%).

Impact
Empower aging at home, reduce hospital utilization, and deliver measurable functional gains through a scalable, tech-enabled mobile rehab model."
8,"Health, wellness, and aging",Sleep optimization solutions.,,1.0,"Executive pitch: Circadia Sleep is a sleep optimization platform designed to improve health, resilience, and aging outcomes by delivering personalized sleep enhancement through a discreet hardware-software ecosystem and clinically grounded coaching.

The problem
- Poor sleep accelerates aging-related risks: cognitive decline, metabolic syndrome, mood disorders, and higher fall risk.
- Sleep solutions today are fragmented: consumer apps lack clinical rigor, clinics offer CBT-I only to a subset of patients, and many older adults have barriers to access (cost, stigma, complex interfaces).
- There is a glaring need for a scalable, aging-focused, evidence-based solution that blends monitoring, environment optimization, and behavioral therapy.

Our solution
- Circadia Sleep combines:
  - Hardware: a wearable sensor (ECG, actigraphy, respiration), a discreet bedside environmental sensor, and a smart pillow/temperature module to optimize light, sound, and room temperature.
  - AI-driven coaching: a personalized sleep coach that analyzes sleep history, chronotype, and circadian cues to craft stepwise, adaptive plans.
  - CBT-I modules: clinician-backed cognitive-behavioral therapy for insomnia with short, implementable actions (stimulus control, sleep scheduling, relaxation techniques).
  - Circadian optimization: timed light exposure, blue-light management, temperature shifts, and wind-down routines aligned to individual rhythms.
  - Remote care: integration with licensed sleep clinicians for escalation and care coordination; HIPAA-compliant data handling.

Value proposition
- For individuals: measurable sleep improvements (efficiency, latency, awakenings), better daytime functioning, and enhanced cognitive health—crucial for aging well.
- For payers and employers: potential reductions in healthcare utilization, improved productivity, and supports for aging-in-place strategies.
- For aging facilities and clinics: scalable CBT-I delivery, objective sleep data, and enhanced resident/caregiver well-being.

Market and business model
- Market: a multi-billion-dollar sector driven by rising sleep disorders, aging population, and telehealth adoption. Growth is driven by consumer demand and health-system integration.
- Business model:
  - Direct-to-consumer hardware sales plus annual AI-coaching subscriptions.
  - B2B licensing to insurers, employer wellness programs, and senior-care facilities (white-labeled solutions and data-enabled care coordination).
  - Data analytics as a service (de-identified, privacy-preserving insights for population health and efficacy studies).
- Regulatory & privacy: HIPAA-compliant data handling, GDPR-ready, clear opt-in data usage; pursuing evidence generation to support digital therapeutics claims where feasible.

Go-to-market and milestones
- Phase 1 (0–12 months): finalize MVP, establish clinical-advisory board, deploy pilot programs with 2–3 aging-care facilities, secure key LOIs, finalize regulatory/data framework.
- Phase 2 (12–24 months): expand pilot network to 10–15 sites, publish clinical outcomes, launch direct-to-consumer campaigns, and initiate payer discussions for coverage.
- Phase 3 (year 3+): scale to >100 facilities and broad consumer reach; optimize unit economics; broaden international presence.

Team
- CEO with a background in digital health and aging innovation; CTO with wearables and sensor fusion expertise; Chief Medical Officer (sleep medicine) guiding CBT-I content and clinical validation; advisory board including geriatricians, sleep researchers, and data privacy experts.

Ask
- Seed round of $6–8 million to finish MVP, validate clinically, and establish the initial 2–3 pilot partners. Funds allocated to product development (40%), clinical validation (25%), go-to-market and partnerships (25%), and operations (10%).

Circadia Sleep envisions a practical, evidence-backed pathway to healthier sleep for aging populations, driving measurable health gains and sustainable value for patients, providers, and payers."
9,"Health, wellness, and aging",Workplace mental health consulting for small businesses. ,,1.0,"Executive pitch: MindBridge — Workplace Mental Health Consulting for Small Businesses

Problem
Small businesses struggle to provide affordable, effective mental health support. EAPs are expensive and end-user engagement is low; managers lack training to spot burnout; stigma persists; and an aging workforce faces caregiver stress, cognitive load, and scheduling challenges that reduce productivity and retention.

Solution
MindBridge is a blended mental health program for small teams (10–200 employees) that combines human consulting with an easy, privacy-first digital platform. Core offerings:
- 24/7 access to licensed therapists via teletherapy; short, outcomes-focused sessions.
- Manager training and coaching to foster psychologically safe teams, reduce burnout, and improve performance.
- Employee self-guided resources, microlearning, and stigma-reducing campaigns.
- Aging-workforce support: caregiver resources, eldercare planning tools, flexible scheduling guidance.
- On-demand crisis response, return-to-work plans, and data-backed wellbeing dashboards for HR.

Market and opportunity
SMBs represent a sizable, underserved market in health, wellness, and aging. Larger EAPs don’t tailor to small teams or aging workforce needs, and DIY wellness platforms lack integrated human support and outcome measurement. MindBridge targets 10–200 employee firms across professional services, manufacturing, healthcare front desks, and tech-adjacent sectors, with high burnout risk and caregiver-stressed employees.

Product and differentiators
- Hybrid delivery: human consultants + digital platform. 
- Tiered packages (Essentials, Growth, Scale) with optional add-ons (crisis support, on-site workshops, eldercare coaching).
- Aging-first lens: resources for caregivers, flexible scheduling, cognitive-resilience modules.
- Outcomes-driven: burnout risk screening, engagement analytics, absenteeism and turnover indicators, ROI reporting.
- Privacy and compliance: HIPAA/PHI-conscious data handling,匿名ized dashboards for leadership.

Business model
- Revenue: per-employee-per-month SaaS subscriptions, with tiered pricing. 
  Essentials: $3–5/employee/mo; Growth: $6–9; Scale: $10–12. 
  Add-ons: teletherapy sessions, on-site workshops, eldercare coaching billed separately.
- Contracts: 12-month minimum with option for quarterly business reviews and renewals.
- Partnerships: benefits brokers, HRIS/payroll integrators, and EAP networks to accelerate adoption.

Go-to-market
- Direct outreach to HR leaders in SMBs, especially those with aging staff.
- Content and ROI calculator to demonstrate cost-of-inaction (absenteeism, turnover, and productivity).
- Pilot programs with 3–5 companies to showcase measurable burnout reduction and engagement lift.
- Channel partnerships with brokers and HR tech platforms to broaden reach.

Traction and roadmap
- 0–12 months: product v1, HIPAA-compliant platform, 30+ licensed therapists, pilot cohort.
- 12–24 months: scale to 100+ SMBs, refine measurement framework, add eldercare partnerships.
- 24–36 months: expand to multi-state footprint, introduce predictive analytics for workload and caregiver stress.

Team
Founders combine clinical mental health expertise with SMB-focused software development and enterprise sales. Advisors include aging-care experts and HR-funding partners. A seasoned CTO and clinical director anchor delivery.

Impact
Improved employee mental health, higher retention, reduced presenteeism, and practical support for aging employees and caregivers. A scalable, affordable solution designed specifically for small teams to thrive in a demanding work landscape.

Ask
Seed round to build product, validate with 3–5 pilots, and establish key partnerships. Target: $1.5–3M to reach early ARR and prove ROI for SMBs within 18–24 months."
10,AI and automation-powered services,AI-powered customer support outsourcing.,,,"Executive summary
We are NovaSupport, an AI-powered customer support outsourcing platform that blends autonomous AI agents with human-in-the-loop to deliver scalable, multilingual, and cost-efficient customer care for e-commerce, SaaS, and fintech brands. Our service replaces rote, high-cost, 24/7 support with an AI-first operation backed by skilled agents for complex issues, high-stakes interactions, and compliance requirements.

The problem
- Support costs and headcount are rising while service expectations grow (24/7 availability, multilingual support, fast resolutions).
- Traditional outsourcing delivers variable quality, slow ramp times, and poor visibility into agent performance.
- Many firms struggle to scale CX without sacrificing CSAT or data privacy.

The solution
- An AI-powered outsourcing platform that handles L1/L2 inquiries with intelligent routing, automated responses, and self-service while escalating to human agents for nuanced or sensitive issues.
- 24/7 multilingual support, rapid onboarding, and seamless integration with existing ecosystems (CRM, helpdesk, e-commerce, payments).
- A closed-loop system: AI agent + human agent collaboration, knowledge graph-based answers, retrieval-augmented generation, and back-office automation to execute common tasks (order updates, tickets, refunds) automatically.

Product and technology
- Core modules: AI Assistant (NLP, sentiment analysis, intent detection, knowledge retrieval), Escalation Engine (human handoff with context), Back-end Automation (RPA-like actions in CRM/ticketing/ERP), and Agent Workspace with AI-suggested responses.
- Integrations: Zendesk, Salesforce, HubSpot, Shopify, Stripe, SAP/Oracle, etc.
- Data security and compliance: data residency options, strong encryption, RBAC, audit logs, SOC 2/ISO-style controls; HIPAA-ready options where required.
- Analytics and QA: real-time dashboards, SLA tracking, QA scoring, and continuous knowledge-base improvement.

Business model
- Hybrid pricing: platform subscription plus per-ticket or per-message usage; optional performance-based rebates tied to CSAT and FRT improvements.
- Value-based propositions: lower operational cost, faster resolution times, higher first-contact resolution, multilingual coverage, and improved compliance.
- Verticalized offerings: pre-built knowledge pools and playbooks for e-commerce, SaaS, and fintech.

Go-to-market and traction
- Target customers: SMB to mid-market brands with 50–10,000 support tickets/month; regions requiring multilingual support.
- GTM: direct enterprise sales, channel partnerships with CRM/helpdesk vendors, MSPs, and ecommerce platforms; joint marketing with platform ecosystems; case studies and pilot programs.
- Early pilots: 5–7 reference customers in 12 months, demonstrating cost reductions, CSAT uplift, and faster onboarding.

Competition and differentiation
- Compete with traditional BPOs and standalone AI chat providers by delivering AI-first outsourcing with guaranteed SLAs, human-in-the-loop escalation, deep vertical knowledge, and rigorous security/compliance.
- Differentiators: native integration with client tech stacks, predictable pricing, rapid ramp, multilingual 24/7 operations, and a strong process automation layer that completes routine tasks automatically.

Team and milestones
- Founders with backgrounds in AI/NLP, CX operations, and enterprise sales; advisory board from leading CX and AI firms.
- 12–18 month milestones: launch MVP, 5–7 pilot customers, reach early ARR, establish partner ecosystem, and achieve measurable reductions in cost per resolved ticket.

Funding ask
- Seed round of $3M to fund product development, go-to-market, and pilot programs; use of funds: 40% product, 40% sales/marketing, 20% operations and compliance.
- Exit potential: scalable BPO-as-a-service powered by AI, with a path to profitability and cross-sell opportunities across industries.

If you’re building for CX excellence at scale, let’s discuss how AI-powered outsourcing can transform your customer support while controlling costs and risk."
11,AI and automation-powered services,Video or podcast editing with AI enhancements.,,,"NovaEdit: AI-powered video and podcast editing for creators, studios, and brands.

Elevator pitch
NovaEdit is a cloud-based platform that automates end-to-end video and podcast editing using advanced AI, delivering polished episodes and reels in minutes, with brand consistency, multilingual captions, and SEO-ready metadata—all at a fraction of traditional costs.

Problem
Creators and small studios spend countless hours trimming, leveling audio, removing noise, and producing format-ready cuts for YouTube, TikTok, and Apple Podcasts. This manual workflow is slow, inconsistent, and hard to scale, leading to missed publishing windows and uneven branding.

Solution
A single AI-powered editor that handles: 
- Auto-edits: scene detection, smart cuts, pacing optimization, and social-format exports (16:9, 1:1, 9:16).
- Audio polish: noise suppression, leveling, de-essing, and echo removal.
- Transcripts and captions: accurate, time-synced captions in multiple languages.
- Show notes and chapters: AI-generated summaries, topics, and SEO-friendly metadata.
- Highlights reel and episode promos: auto-generated clips for social sharing.
- Filler-word suppression + speaker separation for clean multi-guest edits.
- Brand templates and brand-safe soundtracks; collaboration and version control.
- API and plugins for Premiere/Final Cut Pro, hosting platforms, and CMS integrations.

Market and traction
Targeting indie creators, podcasters, marketing agencies, and small studios. The creator economy is rapidly growing, with demand for scalable, affordable editing and consistent branding. MVP pilots with early adopters show 60–75% time savings, higher audience retention on social formats, and strong interest in multi-language captions.

Business model
- Freemium tier for individuals with basic AI edits and limited exports.
- Pro tier for studios and agencies with unlimited exports, premium templates, and priority rendering.
- Enterprise/licensing for publishers and platforms, with SSO, control dashboards, and on-prem options.
- Add-ons: automated translation, advanced analytics, and bespoke voiceovers.
- Revenue share or affiliate partnerships with hosting platforms and equipment brands.

Competitive advantage
- End-to-end AI workflow optimized for both video and podcast formats.
- Brand-consistent outputs with template enforcement and governance.
- Multilingual transcription, translations, and captions baked in.
- Faster iteration cycles via collaborative approvals and an API-first approach.
- Privacy-first design and option for on-prem deployment for enterprise clients.

Go-to-market
- Target creator ecosystems, production studios, and SMB agencies.
- Partnerships with hosting platforms and video marketplaces; integration with major editing suites.
- Content marketing, creator ambassadors, and a creator-education program highlighting time-saving case studies.
- Early adopter program offering discounted onboarding and custom templates.

Roadmap (12–18 months)
- V1: polished auto-edit, captions, transcripts, and export formats.
- V2: mobile companion app, offline editing, and expanded templates.
- V3: localization, enterprise controls, deeper analytics, and API expansions.
- V4: on-demand AI coaching for better storytelling and pacing.

Team and ask
Founders with backgrounds in AI, media tech, and scalable SaaS. Seeking $2–3M seed for 18 months to fuel product R&D, customer acquisition, and partnerships; aiming for 200–300 paying early customers and a clear path to profitability within 18–24 months. Equity offer: ~15–20%.

NovaEdit promises faster publishing, higher-quality edits, and scalable branding for the next generation of creators."
12,AI and automation-powered services,Custom GPT agents for internal business tasks.,,,"NexusMind — Custom GPT Agents for Internal Business Tasks

Problem
Knowledge workers waste 30–50% of their time on repetitive, data-heavy tasks: reporting, data extraction, reconciliation, ticket triage, policy approvals, and inter-system handoffs. Existing tools are siloed, require heavy integration, risk data leakage, and offer inconsistent processes across teams.

Solution
NexusMind lets enterprises deploy customizable GPT agents tailored to their data and workflows. Agents live inside your stack, autonomously handle tasks, summarize insights, route approvals, and escalate when needed. With private fine-tuning, governance, and a no-code agent studio, you ship value in weeks, not months, while preserving data security and compliance.

Product
- Agent Studio: drag-and-drop builder to define intents, prompts, and SOPs per department.
- Data Connectors: secure integrations to Slack/Teams, Jira, Salesforce, ERP, CRM, databases, and data lakes.
- Orchestrator & Workflow Engine: agent collaboration, task queues, SLA enforcement, and human-in-the-loop review.
- Policy & Governance: role-based access, data residency options, audit trails, threat modeling, and guardrails.
- Security & Compliance: SOC 2, DPA, encryption in transit/storage, anomaly detection, and configurable data minimization.
- Deployment Flexibility: cloud, on-prem, or hybrid with tenant-level isolation.

Market & Value Proposition
Target enterprise buyers: CIO/COO, IT, and domain leaders in finance, healthcare, manufacturing, and tech operations. Value drivers include faster decision cycles, reduced manual labor, improved accuracy/compliance, and scalable knowledge work across teams. Early pilots consistently show meaningful time-savings and lower error rates in core processes.

Business Model
- SaaS subscriptions priced per workspace and per agent, with volume discounts for 100+ seats.
- Professional services for data onboarding, custom connectors, and bespoke workflows.
- Optional managed security/compliance packages and ongoing model maintenance.

Traction (proof points)
- MVP deployed with early pilot customers across two verticals; positive feedback on deployment speed and ROI of automating routine tasks.
- Partnerships in discussion with IT consultancies and MSPs to co-sell and scale deployment.

Competitive Landscape
- Competing with generic GPT tools, legacy BPM/RPA, and bespoke internal assistants.
- NexusMind differentiators: enterprise-grade customization and governance, deep integrations with existing apps, data residency and privacy controls, and a plug-and-play agent ecosystem tuned to domain-specific workflows.

Go-To-Market
- Direct enterprise sales complemented by channel partners (MSPs, VARs) and co-sell with CRM/ERP vendors.
- Phased pilots to value realization, followed by scalable, multi-department rollouts.
- Emphasis on fast onboarding, strong security assurances, and measurable ROI.

Roadmap
- Q1–Q2: broaden data connectors, enhance security controls, launch Admin Console with governance dashboards.
- Q3: multi-agent orchestration, cross-department workflows, and AI-assisted governance reviews.
- Q4: expand ERP integrations, marketplace of pre-built domain templates, and escalations to human-in-the-loop.

Team & Investment Ask
Founders bring AI, enterprise software, and security expertise with prior scale-up experience. Seeking $6–10M to complete MVP, finalize security/compliance certifications, scale sales, and deliver 3–5 enterprise pilots within 12 months. Use of funds: product development, data connectors, security audits, go-to-market, and initial hiring of core sales/solutions engineers."
13,AI and automation-powered services,AI prompt engineering consultancy or training. ,,,"PromptCraft: AI Prompt Engineering Consultancy and Training

Problem
- Enterprises struggle to unlock reliable, scalable results from LLMs and AI copilots. Poorly designed prompts cause wasted cycles, inconsistent outputs, and larger cost.
- Governance and risk: data leakage, prompt injection, and compliance gaps across departments.
- Talent gap: few teams have repeatable prompt engineering skills or internal champions to propagate best practices.

Solution
- End-to-end Prompt Engineering for enterprises: strategic prompt architecture, testing, and optimization across functions (sales, CX, data ops, R&D).
- Centralized Prompt Library and Governance: versioned prompts, guardrails, audit trails, usage policies, and reproducibility metrics.
- Training and Enablement: hands-on workshops, role-based curricula, and a tiered certification program to build internal capability.
- Automation layer: benchmarking, evaluation harnesses, and A/B prompt testing to accelerate ROI and maintain quality.

Product & Services
- PromptForge Platform: enterprise library, version control, automated testing, guardrails, access controls, and integration adapters for major AI platforms.
- PromptLab Training: 2–5 day bootcamps, on-site/remote, with Bronze/Silver/Gold certification tracks and internal evangelist programs.
- PromptAudit: risk, privacy, and compliance assessments; safety review of prompts and data flows; remediation playbooks.
- Services add-ons: bespoke prompt architectures, domain-specific templates, and ongoing optimization sprints.

Business Model
- Multi-tier revenue: project-based consulting, retainer engagements, and annual licensing of PromptForge for large organizations.
- Training revenue from live workshops and certification fees.
- Value-based components (optional): performance-based incentives tied to measurable improvements in prompt quality and cost savings.

Market & GTM
- Target: Fortune 1000 and high-growth mid-market companies in regulated industries (finance, healthcare, manufacturing, tech) and teams piloting LLMs.
- Channel: direct enterprise sales, strategic partnerships with AI platform providers, and channel partners (systems integrators, ISVs).
- Growth engines: industry playbooks, enterprise case studies, and a partner ecosystem to accelerate adoption.

Traction & Milestones
- Early pilots with 2–3 enterprise clients; 1-2 industry-specific templates; initial case studies on cost savings and QA improvements.
- Q2–Q4: deploy PromptForge in pilot accounts; publish benchmarks; onboard first cohort of certified practitioners.
- Year 2–3: scale to 15–25 enterprise clients; expand library templates and vertical-specific bundles; strong renewal and expansion rates.

Competition & Moat
- Competing options: in-house teams, large consulting firms, boutique AI consultancies.
- Moats: proprietary prompt evaluation framework, scalable governance platform, certified training programs, and domain-specific templates that drive reproducible outcomes.

Team
- Founders combine AI research, enterprise software, and transformation management. Advisors from AI platform ecosystems and regulated industries.

Financials & Use of Funds
- Seed round: $2–4M to build PromptForge, scale GTM, and hire 15–20. Use: product development 40%, sales/marketing 40%, ops/people 20%.
- Revenue trajectory: Year 1–2: modest multi-million ARR; Year 3: growth to the tens of millions with healthy gross margins (60–70%).

Ask
- Seeking strategic investors and customers who want to accelerate enterprise AI adoption with disciplined prompt engineering and governance."
14,AI and automation-powered services,HR automation consulting. ,,,"AxiomHR: AI-Driven HR Automation & Consulting

Problem
- HR teams are overwhelmed by repetitive admin, compliance risk, and slow processes (recruiting, onboarding, offboarding, benefits, and records).
- Many mid-market firms lack affordable, end-to-end automation that delivers measurable ROI and maintains data privacy.

Solution
- AxiomHR combines AI-powered automation with strategic HR consulting to deliver end-to-end, plug-and-play processes that go live in weeks, not months. We automate recruiting, onboarding, document generation, HR ops, benefits, compliance, and people analytics, with a human-in-the-loop when needed to preserve judgment.

What we offer
- Platform-First Services: AI-driven screening, interview scheduling, offer/contract generation, onboarding workflows, offboarding, policy updates, compliance checks, and payroll/benefits data sync.
- Advisory: HR process design, change management, and governance frameworks tailored to industry regs (data privacy, security, retention).
- Outcomes: 30–60% reduction in time-to-hire, 40–70% faster onboarding, and improved data accuracy and employee experience.

Product & Technology
- Modules: Talent Acquisition AI, Onboarding & Offboarding, HR Operations Automation, Compliance & Documentation, and People Analytics.
- Technology: LLMs for document drafting and chat-based HR assistants, RPA bots for process orchestration, API-first integrations (Workday, SAP SuccessFactors, ADP, BambooHR, Slack/Teams), secure data layer, and privacy-by-design controls.
- Differentiators: end-to-end automation with human-in-the-loop, deep HR-domain playbooks, audit trails for compliance, and transparent ROI dashboards.

Market & Traction
- Target: mid-market firms (100–2,000 employees) across tech, healthcare, manufacturing, and services.
- Market opportunity: global HR automation/services market in the tens of billions, with growing demand for AI-enabled HR operations and compliant, scalable processes.
- Early traction plan: pilot with 3–5 mid-market customers in 12 months; showcase ROI (time saved, accuracy, and cost reductions) to accelerate expansion.

Business Model
- Hybrid revenue model: SaaS subscription plus consulting/implementation fees.
- Pricing: per-employee monthly license (tiered) + one-time implementation, plus optional managed services.
- Additional revenue: custom automation development, premium support, change-management services.

Go-to-Market
- Partnerships: HRIS vendors, payroll providers, and MSPs to accelerate integrations and co-sell.
- Demand gen: targeted content (ROI case studies, compliance playbooks), webinars, and industry events; pilot-first approach with a 90-day ROI window.
- Sales motion: land-and-expand in mid-market, with executive sponsorship and measurable KPIs.

Team & Milestones
- Founders with HR operations, AI/automation, and enterprise software backgrounds; advisory board of HR legal and data privacy experts.
- 12-month roadmap: v1.0 platform, 8–10 integrations, 6 pilot customers, and first 2 strategic partnerships.
- 24-month goals: GA across NA/EU, $5–8M ARR, and a scalable services org.

Financials & Ask
- Seed round: $2–3M to finalize product-market fit, accelerate pilots, and scale go-to-market.
- Use of funds: product development (40%), sales/marketing (40%), operations/support (20%).
- Milestones: achieve $1M ARR by end of year 2, with 3–5 sizable enterprise pilots by Q4 of year 1.

Impact
- Deliver measurable ROI, elevate employee experience, tighten compliance, and enable HR teams to focus on strategic initiatives—while building a defensible data-driven automation platform."
15,Education and upskilling,Microlearning courses.,,,"Executive summary
MicroLearnX is a mobile-first microlearning platform that helps professionals upskill through bite-sized, task-aligned lessons (typically 3–7 minutes). We combine adaptive AI paths, interactive micro-cards, and micro-assessments to boost retention, completion, and job-ready competence. Our platform powers both individual learners and organizations seeking rapid, measurable upskilling outcomes.

Problem
- Busy professionals lack time for traditional courses; long-form content yields low completion and poor retention.
- L&D budgets struggle to demonstrate ROI due to unclear measurement of skill transfer.
- Workers need just-in-time, role-specific skills that align with daily tasks and performance metrics.

Solution
- A modular library of micro-courses designed around concrete job tasks and real-world outcomes.
- Adaptive paths personalize content in real time, using spaced repetition and micro-assessments to reinforce learning.
- Micro-credentials and a content marketplace enable verifiable skilling, while deep analytics map learning to performance.
- Seamless integrations with major HRIS/LMS ecosystems for enterprise adoption and automation.

Product
- Core: a mobile-first platform delivering 3–7 minute lessons, interactive flashcards, quizzes, and real-time feedback.
- Authoring tools: lightweight course-creation, templates, and editable micro-units for SMEs and content partners.
- AI tutor: proactive nudges, skill gap analysis, and recommended micro-paths.
- Features: offline access, social learning, progress dashboards, leaderboards, API for LMS integration, and a standards-aligned credentialing system.
- Security/compliance: SOC2-ready, data privacy controls, and enterprise-grade access management.

Market and business model
- Target segments: enterprise L&D teams (global SMBs to large corporates) and individual learners seeking rapid upskilling.
- Business model: SaaS per-user/per-month for enterprises with tiered access; content revenue share with partner publishers; B2C freemium with paid micro-credentials; optional white-label solutions.
- Pricing designed for scale: predictable ARR from enterprises; flexible payment terms; strong unit economics through high-retention micro-subscriptions and content partnerships.

Traction and go-to-market
- Pilot program in progress with 3 mid-market clients; 2 content partners onboarded; early indicators show higher completion (40–60%) and faster time-to-competence.
- GTM: target HR leaders via account-based marketing, partner ecosystems (industry associations, LMS integrators), and content partnerships; leverage employee advocacy and referral programs.
- KPI goals: 20–30% annual growth in ARR, 25%+ gross margin, 12–18 month payback on CAC.

Competitive advantage
- Narrow focus on microlearning with strong outcomes: faster time-to-competence, higher retention, measurable job impact.
- Adaptive, data-driven personalization and just-in-time learning.
- Rich content ecosystem via partnerships; easy authoring for SMEs; seamless LMS integrations.
- Superior analytics linking learning to performance and business metrics.

Team and roadmap
- Founders with deep backgrounds in edtech, product, and enterprise sales; advisory board includes former L&D executives and content strategy leads.
- 12–18 month roadmap: scale content library, broaden enterprise integrations, advance AI-powered coaching, and expand international markets.

Financials and ask
- Seed round: $4–5 million to fuel product development, content partnerships, and go-to-market.
- Use of funds: 40% product/content, 30% sales/marketing, 20% partnerships/integration, 10% operations.
- Goal: achieve multi-year ARR growth and establish MicroLearnX as the premier microlearning platform for measurable upskilling."
16,Education and upskilling,AI literacy workshops for non-technical teams.,,,"Elevator pitch
AI literacy workshops for non-technical teams that demystify AI, build practical skills, and embed responsible AI use across marketing, sales, HR, operations, and leadership. Translate AI concepts into decision-making, productivity gains, and governance.

Problem
- Non-technical teams struggle to understand AI capabilities and limits, leading to poor adoption and missed ROI.
- Widespread fear of bias, privacy, and compliance slows digital initiatives.
- Inconsistent, ad-hoc training leaves teams with vague literacy and risky workflows.

Solution
- A modular, role-aligned curriculum designed for immediate business impact: foundations, applied AI for teams, and AI policy & ethics.
- Hands-on labs, scenario-based exercises, and governance playbooks that map to real jobs and processes.
- Ongoing enablement via micro-learning, certification, and an AI governance framework to ensure safe, repeatable use.

Product offering
- Core modules: AI Foundations for Non-Tech, AI in Marketing/Sales, AI in Operations/Finance, People & Culture AI, and Ethics & Compliance.
- Delivery formats: live instructor-led workshops (virtual or in-person), asynchronous micro-lessons, and a 6-week applied project track.
- Tools: an AI Playground sandbox, templates (risk, privacy, data handling, decision logs), and an analytics dashboard to measure learning outcomes and business impact.
- Certification and governance: team-level AI readiness badges and a lightweight governance policy kit.

Market
- Target: mid-market to large enterprises across sectors accelerating AI adoption but lacking internal AI fluency.
- Demand drivers: enterprise AI initiatives, risk and compliance requirements, and the need to empower frontline teams to leverage AI responsibly.

Business model
- Enterprise licensing: per-seat access with annual contracts and tiered pricing.
- Add-ons: customized content, leadership briefings, executive coaching, and integration with LMS/HR platforms.
- Revenue streams: core training, certifications, and governance-enabled consultancy for policy rollout.

Go-to-market
- Partnerships with HR/L&D platforms, AI vendors, and industry associations; channel partners for scale.
- Demand generation: thought leadership, case studies, pilot programs, and executive workshops.
- Sales motion: land-and-expand within target accounts; articulate ROI through productivity, faster decision cycles, and risk reductions.

Traction and milestones
- Early pilots with 3-5 clients; measured outcomes include faster project initiation, fewer AI-related incidents, and improved cross-functional collaboration.
- Target milestones: 20 enterprise customers in Year 1, 60 in Year 2; 15–25% average productivity uplift across trained teams; 10–15% reduction in AI-related risk incidents.

Competitive advantage
- Role-based, practical curriculum paired with a governance toolkit.
- Clear ROI through measurable business impact and a repeatable, scalable delivery model.
- Strong emphasis on ethics, privacy, and risk management, differentiating from generic e-learning.

Team
- Founders with experience in education technology, enterprise L&D, and AI ethics; advisory board from Fortune 500 L&D, AI governance, and industry-specific experts.

Financials & ask
- Seeking $2–3 million for 18-month runway to scale product, grow sales, and expand content.
- Use of funds: product development, sales/marketing, and customer success; plan to reach profitability by Year 2.

Impact
- Enable every team to leverage AI responsibly, accelerate business outcomes, and embed ethical AI use as a core capability."
17,Education and upskilling,Trade skill boot camps for high-demand jobs. ,,,"TradeSkill Bootcamps — Accelerated, employer-aligned training for high-demand trades

Executive summary
We deliver 8–12 week, hands-on boot camps in high-demand trades (electrician, HVAC, plumbing, welding, CNC maintenance, solar PV, industrial robotics). Each cohort blends shop-floor labs, online theory, industry certifications, and an employer-led placement track, producing job-ready technicians ready to plug into real-world roles within weeks. We partner with employers, unions, and community colleges to close the skills gap with a scalable, repeatable pipeline.

Problem
- Employers across construction, manufacturing, and facilities struggle to fill skilled-trade roles quickly.
- Traditional apprenticeships are long, bureaucratic, and uneven in outcomes; many job seekers lack practical, certifiable experience.
- Regional skill gaps are widening as demand grows in energy, maintenance, and manufacturing.

Solution
- Cohort-based, 8–12 week programs focused on practical, job-ready skills with industry-recognized credentials (NCCER, OSHA, EPA, etc.).
- Hands-on labs, real-world projects, and capstones aligned to employer needs.
- Direct job-placement pathways with a robust, pre-vetted employer network; optional on-site apprenticeships and paid internships.
- Flexible financing, including income-share agreements and employer sponsorship tiers.

Product and offering
- Tracks: Electrician & electrical maintenance, HVAC/R, Plumbing, Welding, CNC/Industrial Maintenance, Solar PV installation.
- Learning stack: 60–70% hands-on lab time, 20–30% theory/e-learning, capstones, and portfolio of micro-credentials.
- Delivery: Centralized boot camps in partner cities, plus hybrid/onsite employer-hosted modules to accelerate time-to-productivity.
- Outcomes: Certification-ready graduates with a direct pipeline to paid roles; post-graduation career coaching and upskilling paths.

Market and go-to-market
- Target segments: job seekers seeking short, high-return training; employers needing scalable technician pipelines; workforce boards and community colleges as co-delivery partners.
- Strategy: co-create curricula with 50+ employers; run pilots in 2–3 metro areas; scale to 6–8 cities in year 2; leverage employer co-funding and government wage subsidies.
- Marketing: targeted digital campaigns, open-house demonstrations, and on-site employer showcases; leverage existing apprenticeship networks and union partnerships.

Business model
- Revenue streams: student tuition, employer-sponsored seats, government or foundation grants, and corporate training contracts.
- Economics: blended price points reflecting region and track; upside from volume-based discounts and ongoing employer partnerships.
- Outcome-driven pricing: performance-based incentives and placement guarantees to reduce employer risk and increase repeat demand.

Traction and validation
- Two pilot cohorts completed in distinct metros; 80%+ placement within 90 days; partnerships established with 15+ local employers and workforce entities.
- Positive employer feedback on readiness, safety culture, and productivity in early deployments.

Team and milestones
- Founders with backgrounds in vocational education, workforce development, and manufacturing ops; advisory board includes union reps and credentialing bodies.
- 12-month milestones: 3–4 active cohorts per city, 25+ employer partners, 2–3 lab facilities, and online credential stack.
- 24-month milestones: 6–8 cities, 1,000+ graduates, scalable online-to-on-site hybrid model.

Funding ask
- Seed round: $1.5–2.5 million to fund platform development, lab facilities and equipment, instructor pipelines, onboarding of employer partners, and initial marketing.
- Use of funds: facility leases and labs, instructor salaries, curriculum development, credentialing fees, and go-to-market activities.

Impact
- Quick, measurable upskilling with tangible credentials, strong employer partnerships, and a proven path to well-paying trades, addressing a critical workforce need while delivering scalable, profitable growth."
18,Education and upskilling,Kids’ enrichment programs focused on soft skills or entrepreneurship. ,,1.0,"SkillSprout Labs: turning soft skills into confident, entrepreneurial kids.

Problem
- Soft skills (communication, collaboration, resilience) and early entrepreneurship are undervalued in traditional K-8 education.
- After-school options are fragmented, outdated, or resource-intensive for schools and families.
- Students lack real-world practice turning ideas into tangible projects with feedback loops.

Solution
- A modular enrichment program for ages 7-14 that teaches soft skills and entrepreneurship through project-based learning, teamwork, and micro-enterprises.
- Delivered via school-based licenses, after-school programs, and engaging online formats with parental dashboards.
- Outcome-focused: portfolios, badges, and a capstone pitch event to showcase growth.

What we offer
- Age-appropriate tracks: 7-9, 10-12, 13-14 with progressively challenging projects.
- Core components: 12-week modules, weekly live sessions, teacher guides, student kits, mentor support, and safety-first online collaboration.
- Real-world projects: student-led products or services, market tests, budgeting, customer feedback, and a final pitch to peers/parents.
- Digital platform: progress tracking, portfolios, parent updates, and micro-credentials for soft skills and entrepreneurial milestones.

Market and opportunity
- Target: US K-8 schools, districts, and after-school providers; scalable to international markets with localizations.
- TAM drivers: growing demand for SEL and 21st-century skills, robust after-school spend, and district-wide adoption of turnkey enrichment.
- Go-to-market focus: pilot with school districts and large after-school networks, then scale via licensing and direct-to-family subscriptions.

Business model
- B2B licensing: district-wide or school-wide licenses per student, including teacher PD and ongoing content updates.
- B2C subscriptions: families pay a monthly fee for access to modules, platform, and parent portal; optional family add-ons (mentorship, extended projects).
- Revenue mix: primary recurring revenue from licenses and subscriptions; additional revenue from events, sponsor-supported challenges, and certification fees.
- Unit economics: competitive per-student licensing with margins around 60-75% gross; high lifetime value via multi-year licenses and progressive modules.

Traction and validation
- Pilot programs in development with several school districts and after-school providers.
- Early feedback: teachers love turnkey curricula; parents report stronger at-home talk about problem-solving and business ideas; students show increased engagement and collaboration.
- Partnerships in progress with education nonprofits and youth entrepreneurship networks.

Go-to-market and growth
- Phase 1: 15-20 pilot schools in year one to validate curriculum, pedagogy, and logistics.
- Phase 2: scale to 100+ schools and 5,000+ students; expand to online cohorts and regional hubs.
- Marketing: educator communities, PTA/School Board outreach, testimonials, and child-friendly pitch events.

Competition and differentiation
- Competes with generic enrichment and isolated entrepreneurship clubs.
- Differentiators: curriculum aligned to SEL and entrepreneurship, teacher-friendly guides, a cohesive platform with portfolios, and a structured pathway from skill-building to real pitches.

Team and milestones
- Founders with backgrounds in education technology, pedagogy, and youth entrepreneurship; advisory board from education and impact investing.
- 12-month milestones: finalize curriculum, pilot 5 districts, establish licensing framework, launch platform MVP, and secure early-advantage partnerships.

Funding ask
- Seed round of $2–3 million to finish product development, run 20 pilots, and reach 2,000–3,000 students in year one.
- Use of funds: platform build, content production, sales partnerships, and go-to-market.

If you’re seeking to empower kids with practical soft skills and entrepreneurial confidence, SkillSprout Labs offers a scalable, evidence-based path from classroom to real-world impact."
19,Education and upskilling,Digital coaching for neurodiverse learners. ,,1.0,"Executive pitch: Digital coaching for neurodiverse learners

Problem
Neurodiverse students—ADHD, autism, dyslexia, processing differences—face inconsistent support, stigmatization around their needs, and instruction that doesn’t adapt to their pace or style. Teachers are under-resourced, IEPs are under-implemented in practice, and traditional tutoring is costly and poorly scaled. The result: missed learning milestones, higher dropout rates, and underutilization of students’ unique strengths.

Solution
NeuroCoach is a digital coaching platform that blends AI-powered personalization with human coaching to deliver evidence-based, neurodiversity-friendly learning support at scale. The product creates adaptive learning plans, scaffolded tasks, and multimodal content (text, audio, video, and visual supports) tailored to each learner’s profile. It provides real-time feedback, goal-centered coaching sessions, and progress dashboards for students, parents, and educators. All features are designed for accessibility and privacy, compliant with FERPA and GDPR.

Product highlights
- Learner profiles and IEP/aligned goals: goals map to IEP objectives and academic standards.
- Adaptive coaching: AI determines optimal task difficulty, pace, and modality; AI nudges for mastery while flagging disengagement early.
- Multimodal content and accessibility: dyslexia-friendly typography, captions, audio narration, and screen-reader compatibility; adjustable contrast and font sizes.
- Human-in-the-loop: on-demand licensed special educators and tutors provide coaching when needed.
- School/DMS integrations: single sign-on, LMS sync, data portability, and privacy controls.
- Insights and accountability: dashboards, risk flags, and progress analytics for teams; actionable recommendations for teachers and parents.

Market
- Target customers: K-12 districts and high schools, special education programs, higher education and vocational training providers, and parent purchasers for homeschool and tutoring.
- Market dynamics: growing demand for individualized, scalable supports for neurodiverse learners and a shift toward accountable, outcomes-based funding for education technology.

Business model
- Hybrid B2B2C and B2C: district-wide licenses with tiered per-student pricing; add-on professional development and coach hours; parent subscriptions for home use; enterprise partnerships with disability services organizations.
- Revenue mix: recurring licenses, professional services (coaching hours, IEP-alignment workshops), and data-driven insights for districts (compliance and outcomes reporting).
- Economics: per-student pricing in the mid-single digits to low tens of dollars per month with volume discounts; predictable ARR with strong gross margins from software and coaching services.

Go-to-market and traction
- Early pilots: MOUs with 3 school districts, 120 learners in pilot cohorts, 10 coaches and educators onboarded.
- Partnerships: autism centers, speech-language pathologists, and special education associations to augment clinical coaching credibility.
- GTM strategy: district-led pilots, educator and parent ambassadors, pilot-to-scale playbooks, and evidence-based marketing focused on learner outcomes and inclusion.

Competition and differentiators
- Competitors include generic tutoring platforms and some ADHD-focused apps. NeuroCoach differentiates by neurodiversity-first design, explicit IEP/standards alignment, robust accessibility features, and a hybrid AI-human coaching model that scales without compromising quality.

Team and milestones
- Founders with backgrounds in education, special education, and AI for learning; advisory board includes special education professionals and accessibility experts.
- 12-18 month milestones: complete MVP v1, run 6-8 pilot districts, publish outcomes data, achieve SOC 2/GDPR-FERPA compliance, and expand multilingual support.

Impact and ask
- Social impact: reduces learning gaps, improves access to personalized support, and advances inclusive education.
- Funding ask: seed round of $3-5M to complete MVP, scale pilots to 10 districts, hire coaches and product/engagement teams, and build go-to-market machinery. Milestones include validated learning outcomes, a scalable playbook, and a clear path to profitability."
20,Home and local services,Senior move management and downsizing services. ,,1.0,"Executive pitch: Senior Move Management and Downsizing Services

Problem
Families face escalating stress when aging loved ones downsize or relocate. Mismatched timelines, emotional attachment to possessions, medical needs, and fragmented tasks (decluttering, real estate, packing, moving, furniture disposal, estate sales, storage) create delays, regret, and poor outcomes for seniors and their families. Traditional movers lack empathy and coordination with healthcare, legal, and housing decisions.

Solution
We provide end-to-end Senior Move Management: an empathetic, project-managed downsizing and relocation service. Our offerings include: needs assessment, decluttering and sorting, sale and donation logistics, packing/unpacking, moving coordination, storage solutions, real estate staging and coordination, estate sale and charity partnerships, senior-friendly home modifications, healthcare and care coordination (appointments, medication management), and post-move setup (furniture arrangement, utilities, internet, telehealth access). We operate with certified move managers who specialize in gerontology, trauma-informed communication, and safety. We also offer a digital planning platform for families to track progress, budgets, and timelines.

Market opportunity
- Target market: seniors aged 65+, their families, and care teams (GPOs, elder attorneys, realtors, home health agencies).
- Size drivers: aging-in-place trends, increased relocation after retirement, and the demand for compassionate, turnkey solutions that reduce caregiver burden.
- Geography: starting in metro areas with high senior populations, expanding to suburban corridors with aging demographics.

Business model
- Core revenue: project-based fees for downsizing and relocation packages (tiered by home size and service intensity).
- Partner revenue: referral fees from realtors, moving companies, storage facilities, and estate sale firms; preferred vendor network with negotiated discounts.
- Subscriptions: monthly care coordination plans for ongoing seniors’ housing or care transitions.
- Upsells: home modification (grab-bar installs, doorway widening), retrofitting for accessibility, and follow-up support services.

Go-to-market
- Partnerships: hospitals, senior centers, elder-law attorneys, real estate teams, assisted-living and memory-care providers, and insurance/Medicare/Medicaid care coordinators.
- Marketing: community workshops, targeted digital campaigns, referrals from trusted professionals, and compelling case studies.
- Proof of value: pilot programs with measurable outcomes (time-to-move, cost savings, reduction in family stress, post-move satisfaction).

Competitive advantage
- Unique positioning as a concierge, empathetic, end-to-end solution with gerontology-trained staff, not just a moving service.
- Full ecosystem integration: real estate, legal, medical, and home services under one umbrella.
- Outcome focus: smoother transitions, reduced waste through responsible disposal, and improved post-move adaptation.

Traction and milestones
- Early pilots in two cities with 50+ households, NPS above targets, and high repeat referral rates.
- Near-term: formalize vendor network, build a lightweight client portal, hire 6 move managers, secure 3–5 anchor partners.
- 12–18 months: scale to 4–6 markets, reach 300+ moves, achieve profitability.

Impact
- Social: reduces family burnout, delays unnecessary institutionalization, improves senior dignity and safety.
- Environmental: optimized downsizing reduces waste, with partnerships to donate and recycle.

Team
- CEO with operations and services delivery background; COO with elder care and compliance experience; Head of Partnerships; Certified Move Managers; Gerontology advisor.

Funding request
- Seed round to build platform, certify staff, and scale partnerships. Use of funds: platform development, insurance and bonding, hiring, marketing, and initial working capital. Milestones: platform launch, 2-market rollout, 300 moves year 1, break-even by year 2.

We invite investors who share a mission-driven approach to simplify one of life’s most challenging transitions while delivering measurable value to families, seniors, and communities."
21,Home and local services,EV charger installation business.,,,"EV ChargeFlow: A one-stop home EV charger installation service for the era of electrified homes.

Problem
- Homeowners want fast, safe, code-compliant EV charger installation, but face fragmented markets: electricians, permitting, utility coordination, and smart-charger tech are disjointed.
- Delays, unpredictable pricing, and limited post-install support deter EV adoption, especially for multi-family residences and landlords.

Solution
- End-to-end service: site assessment, load calculation, permitting, electrical upgrade (panel upgrades as needed), installation of Level 2/240V smart chargers, commissioning, and 24/7 monitoring/maintenance.
- Optional add-ons: solar/battery integration, demand response, and home energy management to maximize savings and curb peak usage.
- Clear pricing, fixed timelines, licensed electricians, and a 12-month installation warranty.

Market & Opportunity
- Rapid EV adoption with growing demand for home charging upgrades, especially in single-family homes, duplexes, townhomes, and small commercial properties.
- Addressable market includes homeowners, landlords, property managers, and small businesses offering parking with charging needs.
- Total addressable market in the US and Europe is in the billions with multi-year growth as regulations and incentives expand.

Business Model
- Revenue streams: installation fees, hardware margins on Level 2 chargers, recurring service/subscription for monitoring, firmware updates, and preventive maintenance.
- Partnerships: utilities for rebates and incentives, automakers and dealerships for referrals, property managers for management contracts, insurers for preferred-provider programs.
- Financing options via partner lenders to reduce upfront cost for customers, increasing conversion.

Go-to-Market & Partnerships
- Direct-to-consumer digital marketing and home-wowner outreach, plus a channel strategy with auto dealers, insurance brokers, and real estate firms.
- Regional hubs with standardized process playbooks to accelerate cross-state scaling.
- Incentivized referrals for electricians and contractors who join our certified network.

Competitive Advantage
- End-to-end, licensed electrician-led execution with standardized workflows and strict compliance with NEC and local codes.
- Predictable timelines and pricing, with a transparent customer portal for scheduling, tracking, and warranty support.
- Strong service layer: 24/7 monitoring, proactive maintenance, and a loyalty program that reduces long-term churn.
- Ability to bundle with solar/battery and demand-management for larger savings.

Traction & Milestones
- Pilot programs in two markets completed, with 60+ installations and 95% on-time completion.
- 3 partnerships with utilities or municipalities in development; early customer NPS targets above industry average.
- Now seeking to scale to 8 markets in 18 months and reach 1,000+ installations.

Team
- Founders with backgrounds in licensed electrical contracting, IoT/Planned maintenance software, and field operations scaling.
- Advisors include telecom/utilities veterans and home-services operators.

Financials & Fundraising
- Seeking $3–5M to expand the licensed contractor network, invest in inventory and logistics, accelerate sales, and build the customer portal and IoT monitoring.
- Use of funds: field workforce expansion, equipment inventory, marketing, partnerships, and compliance/legal.

Risks & Mitigation
- Permitting/delivery delays: in-house permit liaison team; standardized state-specific kits; parallel processing with utilities.
- Supply chain: multiple charger brands, volume discounts, buffer stock.
- Regulation: dedicated policy team to monitor changes; fast-adapt product configurations.

Roadmap
- Year 1: 8 markets, 1,000 installs, launch solar-battery integration add-on.
- Year 2: expand to 15 markets, deepen utility partnerships, scale recurring service.
- Exit options: potential acquisition by large home-services platforms, EV charging manufacturers, or utility-owned service arms."
22,Home and local services,Pet waste removal or mobile grooming services.,,,"PawDash: Mobile Pet Waste Removal + Mobile Grooming

Elevator pitch
PawDash brings two essential pet services to the doorstep: recurring pet-w waste removal and on-demand mobile grooming, delivered by insured, background-checked pros via a single, easy-to-use app. We turn “pet chores” into a predictable, high-margin, loyalty-building habit for busy households.

The problem
- Pet owners spend hours weekly scooping yards and chasing grooming appointments.
- HOA and landlord rules can complicate outdoor waste management; many owners fear odors or pests.
- Traditional grooming requires travel time, cage-free stress for pets, and inconsistent availability.

The solution
- A dual-service platform: routine yard waste removal (weekly/biweekly) and convenient mobile grooming (bath, brush, nail trim, breed-specific care) performed at the customer’s home or curbside.
- Subscriptions for waste (fixed visits, predictable pricing) and memberships for grooming (discounts, bundled packages).
- Eco-friendly waste disposal, compliant with local regulations; pet-safe grooming products; insured and vetted technicians.

Market opportunity
- Large, growing base of pet-owning households with yards and urban/suburban apartments with access to on-site grooming needs.
- Trends favor convenience, at-home services, and recurring revenue models.
- Potential for partnerships with HOAs, property managers, and vet clinics to scale reach.

Business model
- Revenue streams:
  - Pet waste removal: per-visit pricing with weekly/biweekly subscriptions.
  - Mobile grooming: fixed-price sessions by size/breed; packages and loyalty discounts.
  - Optional premium add-ons (deodorizing treatments, flea/tlea)n checks, seasonal services.
- Margins: target gross margins in the 55–70% range for waste removal; 60–70% for grooming with efficient routing and standardized pricing.
- Customer lifetime value driven by subscriptions and routine grooming cadence.
- Unit economics designed for rapid city-by-city expansion.

Go-to-market
- Digital marketing (SEO, PPC, social), local pet-focused events, partnerships with vets, groomers, pet stores, and HOA managers.
- Intro offers, referral programs, and a loyalty platform to reduce churn.
- Fleet optimization and routing tech to minimize drive-time and increase visits per day.

Operations and differentiation
- Insured, trained technicians; uniform standards; eco-friendly products.
- Streamlined scheduling app with real-time availability, GPS routing, and automated reminders.
- Optional franchise-ready model to accelerate national expansion.

Team and milestones
- Founders with operations, field services, and consumer tech background; advisory board from veterinary and pet-tech sectors.
- 12–18 month plan: launch in 3–4 cities, acquire 1,000+ active waste clients and 300+ grooming clients, build robust routing software, and establish 2–3 regional partnerships.

Financial ask and use of funds
- Seed round: $2–3M to acquire fleets (20–30 vans in year 1), build the platform, recruit crews, and fund marketing.
- Use: 50% field operations and fleet expansion, 25% software/platform development, 15% marketing, 10% general/ops.

Why now
Growing demand for convenient, at-home pet services, combined with the fragmentation of waste removal and grooming markets. PawDash creates a trusted, repeatable habit that improves pets’ well-being and owners’ quality of life."
23,Home and local services,Luxury appliance maintenance and repair. ,,,"LuxCare: Luxury Appliance Maintenance and Repair

WHAT WE DO
- Premium, end-to-end maintenance and repair for luxury appliances (Sub-Zero, Wolf, Miele, Gaggenau, Viking, etc.).
- Services include proactive preventive maintenance, on-demand repair, OEM-approved parts, and remote diagnostics with a white-glove, concierge experience.

PROBLEM
- Luxury homes demand highly skilled techs who understand high-end finishes, integrated systems, and warranty standards.
- Pain points: long wait times, non-OEM parts, potential cosmetic damage, inconsistent service quality, and opaque pricing.

SOLUTION
- A concierge service delivering OEM-certified technicians, remote diagnostics, guaranteed OEM parts, and guaranteed workmanship.
- Preventive maintenance plans reduce downtime and extend appliance lifecycles; same-day or next-day service in metro areas; transparent, itemized reporting.

MARKET OPPORTUNITY
- Target customers: high-net-worth homeowners, luxury property managers, boutique hotels, premium builders, and interior designers.
- Growing market as premium, connected appliances proliferate and homeowners demand reliability, aesthetic care, and warranty protection.

BUSINESS MODEL
- Revenue streams: on-site service fees, annual maintenance subscriptions (Essential, Elite, Prestige), parts margin, and premium white-glove installations/removals.
- Pricing: transparent, tiered plans with predictable annual spend; service calls billed with OEM-part and labor markups; loyalty discounts for multi-appliance households.
- Unit economics: focus on high-margin, high-trust engagements; aim for 60–70% gross margin; focus on high repeat-rate customer life cycle.

GO-TO-MARKET STRATEGY
- Channel partnerships: luxury builders, interior designers, appliance retailers, and concierge services; co-branded maintenance programs.
- Acquisition: referrals, targeted luxury media, and selective social campaigns in core markets; emphasis on trust, discretion, and quality.
- Geographic focus: initial rollout in NYC, Los Angeles, San Francisco, and Washington, D.C., expanding to additional metro areas.

COMPETITIVE ADVANTAGE
- OEM-certified technicians with specialized training and access to original parts; warranty-compliant service that preserves manufacturer coverage.
- Remote diagnostics to pre-empt failures and reduce on-site visits; dedicated client concierge for scheduling and follow-ups.
- White-glove service standards: careful staging, protection of luxury interiors, pristine workmanship, and transparent post-service reporting.
- Data-driven maintenance history builds value for homeowners and property teams.

TRACTION / VALIDATION
- Pilot plan with 2 luxury property management firms in Q4; target metrics: 4.9/5 experience, 2x faster response, 85% first-visit fix rate, and >70% renewal on maintenance plans.

ROADMAP
- 12 months: launch in 4 metros, establish OEM partnerships, recruit 40 technicians, roll out maintenance programs, and build a customer-facing app/portal.
- 24 months: expand to 8–12 markets, deepen data analytics for predictive maintenance, and broaden integrations with smart-home ecosystems.

TEAM
- Founders with backgrounds in premium service operations, appliance tech, and luxury hospitality; advisory board from luxury builders, OEMs, and high-end property managers.

FINANCIALS & FUNDING REQUEST
- Seeking $2.5M seed to build ops, acquire initial inventory, develop the platform, and scale sales.
- Use of funds: 50% operations, 25% platform/integration, 15% marketing, 10% working capital.
- Milestone: break-even by year 2 with scalable unit economics and repeat-customer growth.

WHY LUXCARE
- We translate luxury expectations into reliable, transparent, and technician-grade maintenance that preserves value, aesthetics, and warranties, while delivering a concierge-level client experience."
24,Home and local services,Home office design and ergonomic consulting. ,,,"ErgoHome is a home office design and ergonomic consulting platform that blends assessment, design, and equipment procurement into a turnkey service for remote workers and distributed teams.

The Problem
- 60%+ of remote workers report neck/back pain and productivity dips linked to poor workspace ergonomics.
- Traditional solutions are fragmented: interior design, ergonomic consulting, and furniture procurement are offered separately, causing misaligned outcomes and wasted time.
- Employers want scalable, evidence-based remote-work programs but lack affordable, end-to-end options.

The Solution
- End-to-end Home Office Optimization: remote ergonomic assessments, 3D room planning, custom design, and a linked procurement and installation path.
- Data-driven, personalized plans: posture science-based guidelines, equipment lists, and space layouts tailored to each user’s body, work style, and equipment.
- Turnkey Delivery: white-glove furniture installation, monitor arms, cable management, and optional on-site follow-ups.
- Ongoing Support: subscription for quarterly reassessments, posture coaching, and access to an exclusive catalog of ergonomic products with trusted partners.

The Product
- Mobile/desktop app: 3D room scanning (phone camera), AR-enabled furniture placement, and a personalized report.
- Ergonomic coaching: evidence-based guidelines, micro-break prompts, and progress tracking.
- Marketplace and procurement: vetted partners for desks, chairs, monitor arms, lighting, and accessories; discounted bundles for employers and individuals.
- Enterprise toolkit: HR-ready remote-work programs, compliance-friendly documentation, and analytics dashboards.

Business Model
- Service fees: fixed assessment fee per user.
- Subscriptions: monthly per-seat plan for ongoing reassessment and coaching.
- Product revenue: margin on furniture and equipment sold via the platform (through partner integrations).
- Enterprise contracts: negotiated per-employee pricing with mid-market and SMB employers seeking scalable remote-work programs.

Market Opportunity
- Global home office market and ergonomic furnishings exceed $60–70B, with growing demand from remote-first companies.
- Initial target: U.S. and Western Europe (SMBs to mid-market, 50–5,000 remote employees), expanding to enterprise as product-market fit solidifies.

Go-to-Market
- Partnerships with employers offering remote-work stipends and wellness programs.
- Direct-to-consumer campaigns focused on productivity and wellbeing, with referral incentives.
- Collaborations with interior designers, chiropractors/physiotherapists, and furniture brands for credibility and cross-selling.
- Content-led SEO, case studies, and targeted LinkedIn outreach to HR and facilities teams.

Competitive Advantage
- End-to-end, data-driven, remote-first service integrating design, posture science, and procurement.
- Transparent, outcomes-focused pricing with measurable improvements (posture scores, reported comfort, time-to-productivity gains).
- Strong partnerships and scalable platform that reduces time-to-value for both individuals and employers.

Traction (pilot indicators)
- 150 remote assessments completed in 3 months; average posture score improvement of 18% post-implementation.
- 2 pilot employer programs with tangible productivity and reduced absenteeism signals; NPS > 60.

Team and Advisors
- Founders with backgrounds in interior design, ergonomics/physical therapy, and marketplace product development; advisory board includes occupational health experts and supply-chain strategists.

Financials & Milestones
- 24-month plan: achieve unit economics positive, expand catalog, and scale to 50–100 employer clients.
- Key milestones: platform v1.0, enterprise pilot expansion, first 1,000 consumer users, break-even.

The Ask
- Seed round: $1.5–2.5M for product development, hiring, and go-to-market. Target runway: 18–24 months with milestones aligned to enterprise pilots, consumer growth, and product-market validation."
25,Digital products and content creation,Productivity template marketplace.,,,"Productivity Template Marketplace (PTM) – Investor/Partner Pitch (approx. 480 words)

Executive summary
PTM is a cross-tool marketplace that lets creators publish, monetize, and customize productivity templates—Notion workspaces, Airtable bases, Google Docs systems, calendars, SOP playbooks, and more. Buyers gain fast, high-quality templates; creators earn recurring revenue; teams unlock scalable, repeatable workflows. The platform handles licensing, payments, previews, quality checks, and AI-powered adaptation.

The Problem
- Templates are dispersed across tools with inconsistent quality, licensing, and onboarding.
- Creators struggle to monetize expertise beyond a single platform; teams waste time adapting templates for their stacks.
- No centralized discovery with standardized licenses, versioning, or analytics to guide purchasing decisions.

The Solution
- A unified marketplace across productivity stacks (Notion, Airtable, Google Docs/Sheets, Trello, etc.), offering vetted templates, previews, and one-click installs.
- Built-in licensing, creator analytics, version control, and AI-assisted customization to adapt templates to specific needs.
- Community-driven ratings, quality checks, and an enterprise-ready tier for teams.

Product & Technology
- Core: Template Builder/Adapter that normalizes formats for multiple tools; Preview demos; One-click deployment; Licensing & IP controls; Creator dashboards; Template analytics (saves, edits, usage).
- AI-powered personalization: recommended templates and auto-adaptations based on user role and workflow.
- Integrations: Notion, Airtable, Google Workspace, Trello, Slack, and more via adapters; REST/SDK access for teams and developers.
- Compliance & IP: clear licensing tiers; watermarking, usage caps, and enterprise licenses.

Business Model
- Marketplace commission: 25-30% of each sale to PTM; creators set price; buyers pay upfront or via subscription.
- Creator subscriptions: optional Pro plans for analytics, bulk licensing, and advanced templates; revenue share 70/30 favored to creators at higher tiers.
- Enterprise licensing: white-label teams, governance, and bulk purchasing with SLA guarantees.

Market Opportunity
- Global productivity software spend is multi-billion, with a growing template economy across SMBs, freelancers, and content creators.
- TAM estimated in the low-to-mid billions; SAM focused on cross-tool template marketplace potential with an obtainable initial market of tens to hundreds of millions in early years.

Go-To-Market & Growth
- Creator partnerships: recruit top Notion/Airtable communities, template builders, and influencers with revenue-sharing incentives.
- Content marketing: templates that solve trending workflows, tutorials, and case studies; SEO-driven discovery.
- Affiliate & referrals: incentives for buyers and teams to invite peers.
- Early access program: beta with 1,000 templates and 200 creators; target 10x growth in year 1 post-launch.

Competition & Differentiation
- Notion/Airtable marketplaces, Etsy, Gumroad, and template repositories.
- PTM differentiators: cross-tool marketplace, standardized licensing, quality control, AI-driven customization, analytics for creators, and enterprise features.

Roadmap
- Phase 1: Core marketplace, cross-tool adapters, licensing engine, and creator dashboards (0-6 months).
- Phase 2: AI-driven adaptation, richer previews, analytics for buyers/teams (6-12 months).
- Phase 3: Enterprise licensing, white-label templates, and mobile app (12-24 months).

Team & Milestones
- Founders with product, growth, and creator-economy experience; advisory board from Notion/Airtable ecosystems.
- Milestones: 0-12 months — 1,000 templates, 200 creators, 50 enterprise licenses; 12-24 months — 5,000 templates, 1,000 creators, scalable international expansion.

Ask & Use of Funds
- Seed round: $2–3M for 18–24 months.
- Use: 60% product development, 25% go-to-market, 15% operations.
- Outcome: a self-sustaining, cross-tool productivity template marketplace with scalable creator revenue and enterprise adoption."
26,Digital products and content creation,AI-assisted ghostwriting or content strategy services.,,,"Executive summary
QuillFlow is an AI-assisted ghostwriting and content strategy platform that helps brands publish high-quality, on-brand content at scale. By pairing best-in-class AI drafting and research with a human-in-the-loop editorial process and a powerful content strategy engine, we deliver consistent voice, SEO-optimized topics, and faster time-to-publish—without compromising authenticity or compliance.

The problem
- Brands need大量 content to compete, but producing consistently great work is costly and time-consuming.
- Agency and in-house teams struggle with voice drift, editorial bottlenecks, and uneven quality across channels.
- Ethical concerns and copyright/IP management around AI-generated content create risk.

The solution
- AI drafting plus human editing: fast outlines and first drafts generated from credible sources, refined by expert editors to ensure accuracy and brand voice.
- Brand voice fidelity: a “voiceprint” builder and style guide that the AI uses to maintain tone, terminology, and messaging across all pieces.
- Content strategy engine: topic modeling, buyer-journey mapping, editorial calendar, and keyword optimization aligned to business goals.
- Governance and ethics: plagiarism checks, attribution controls, rights management, and client-owned outputs with transparent watermarking options.
- Seamless collaboration: CMS/Notion/Slack integrations, real-time feedback, approvals workflows, and analytics dashboards.

Product highlights
- Modules: AI Drafting, Brand Voice Studio, Strategy & Calendar, SEO & Topic Planner, Editorial Review, and Rights & Compliance Center.
- Integrations: WordPress, HubSpot, Contentful, Notion, Slack.
- Output: blog posts, whitepapers, social, scripts, email sequences, landing pages, and long-form content.
- Data privacy: on-prem/private cloud options, isolated workspaces, and strict access controls.

Business model
- SaaS subscriptions (Starter, Growth, Enterprise) with usage-based add-ons for peak demand periods.
- White-label licensing for agencies and large brands.
- Professional services: rapid-strategy sprints, custom voice libraries, and training.
- Pricing designed for SMBs and mid-market agencies to achieve rapid ROI (time-to-publish, cost per article, and uplift in organic traffic).

Market and opportunity
- Target customers: SMBs, mid-market brands, and content-focused agencies.
- Global content marketing spend runs into the hundreds of billions; our addressable market starts with the U.S. and Europe’s SMEs and agencies, expanding to larger enterprises.
- Early traction with pilots showing faster drafts, tighter brand consistency, and improved editorial throughput.

Competition and differentiation
- Competing options include freelance networks, traditional agencies, and generic AI writing tools.
- QuillFlow differentiates through brand-voice fidelity, editorial governance, integrated strategy tooling, and a trusted human-in-the-loop workflow that protects quality and compliance.

Go-to-market
- Inbound marketing, content partnerships, and CMS integrations to embed our workflow.
- Pilot programs with agencies and marketing tech platforms; channel partnerships for co-selling.
- Clear ROI messaging: time saved, higher writer capacity, better SEO, and compliant output.

Team and funding
- Founders with AI, content, and product leadership backgrounds; advisory board from marketing tech and editorial operations.
- Seeking seed round of $2–3M to finish MVP, scale go-to-market, and fund compliance and data governance.
- Use of funds: 40% product development, 30% sales/marketing, 15% operations, 15% legal/compliance.

Why now
AI-assisted content, rigorous brand governance, and scalable strategy are essential for brands to compete at speed. QuillFlow delivers trusted, scalable, and ethical content that aligns with business goals and voice—at a fraction of traditional costs. Join us to redefine how the world creates content."
27,Digital products and content creation,Niche paid newsletters or communities.,,,"Executive pitch: NicheFlux — the platform for niche paid newsletters and private communities

Problem
- Creators in specialized fields struggle to monetize attention without juggling disparate tools.
- Audiences want high-signal, curated content and tight-knit communities, but existing options are fragmented (separate newsletters, forums, and events) and opaque in monetization and analytics.

Solution
- NicheFlux is a unified platform that lets creators launch paid newsletters and private communities in any niche. It combines flexible paywalls, multi-tier subscriptions, threaded discussions, live events, and a rich content archive with AI-assisted drafting and idea generation.
- Key outcomes: higher creator revenue, deeper member engagement, and data-driven growth through integrated analytics and discovery.

Product
- Creator workspace: publish newsletters, posts, and updates; manage tiers (monthly/annual), bundles, and one-off access.
- Community tools: private forums, moderated groups, AMA sessions, live streams, and calendar events.
- Payments and access: Stripe-based processing, flexible pricing, automated renewals, coupons, and revenue splits.
- Discovery and onboarding: topic tagging, niche marketplaces, creator profiles, and recommendation engines for new subscribers.
- Intelligence: cohort analytics, engagement scoring, retention dashboards, and AI-assisted content ideation and drafting.
- Security and governance: role-based permissions, GDPR/CCPA controls, moderation tools, and data residency options.
- Integrations: CMS, email platforms, CRM, analytics, and API access for embeddable widgets.

Market
- Target: solo experts, consultants, researchers, and micro-communities in technology, finance, science, design, niche hobbies, and professional verticals.
- TAM/SAM: growing number of independent content creators and paid communities worldwide; driven by remote work, lifelong learning, and demand for trusted, niche insight.
- Positioning: the only platform that seamlessly combines paid newsletters with private community experiences under one monetizable cockpit, plus robust discovery.

Business model
- Revenue share: platform takes 8–12% of gross creator revenue; processing fees pass through.
- Optional add-ons: onboarding packages, premium analytics, white-label domains, and managed moderation services.
- Pricing strategy: starter tier for hobbyists, pro tier for professionals, and enterprise/agency pricing for high-volume creators.

Traction and go-to-market
- Go-to-market: creator-first growth via partnerships with micro-influencer networks, content marketing, and referral programs; pilot programs with early adaptors in 3 markets.
- Milestones: onboarding 50–100 beta creators in 6 months; 5,000–10,000 paying members across early cohorts within 12 months; case studies published to fuel growth.

Competition
- Substack, Patreon, Ghost, Circle, Tiny, Disciple. Distinguishers: unified paid newsletters + communities, deep analytics, AI-assisted content creation, robust moderation, and a discoverable marketplace tailored to niches.

Roadmap (12–24 months)
- MVP and core integrations (Q1–Q2).
- Multi-tier pricing, analytics suite enhancements, and moderation toolkit (Q3).
- AI-assisted drafting, smart recommendations, and mobile app support (Q4).
- Internationalization and growth into 2–3 vertical markets (Year 2).

Team
- Founding CEO with prior experience launching creator platforms; CTO with payments and security background; Head of Growth from top creator networks; product and content specialists focused on niche topics.

Risks and mitigation
- Creator churn: implement win-back campaigns, onboarding plays, and ongoing creator support.
- Competition: rapid feature cadence, superior analytics, and stronger discovery engine.
- Compliance and data security: privacy-by-design approach and third-party security audits.

Ask
- Seed round of $2–3 million to finalize MVP, execute go-to-market, and scale to 100–150 creators and 5,000–10,000 paying members in 12 months."
28,Digital products and content creation,Online course creation services for experts. ,,,"Executive pitch: ExpertCourse Studio — End-to-end online course creation services for experts, backed by a scalable creator platform that turns deep knowledge into market-ready digital products.

Problem
- Subject-matter experts (coaches, consultants, physicians, engineers) struggle to translate expertise into high-quality online courses due to time, skill gaps in instructional design, production bottlenecks, and marketing know-how.
- Current platforms require heavy lift from the creator or leave them with fragmented tools, resulting in slow time-to-market, inconsistent quality, and limited monetization.

Solution
- A dual offering: a concierge course-creation studio plus a purpose-built platform that enables rapid concept-to-launch and scalable ongoing revenue.
- Services include discovery and learning-science-driven instructional design, scripting, storyboarding, filming, editing, captions, branding, curriculum packaging, LMS hosting, and marketing launch campaigns.
- Platform features empower creators to manage, update, and repurpose content, automated evergreen funnels, analytics, and distribution to professional networks and marketplaces.

Market and traction
- Global e-learning market is worth hundreds of billions and growing annually, driven by demand for expert-led knowledge and flexible learning. Target niche verticals include executive coaching, professional services, healthcare, tech/engineering, and finance.
- Pilot underway with 6 experts; 2 courses launched; early feedback highlights 60% faster time-to-market and higher completion rates versus typical DIY courses.

Product and value proposition
- End-to-end: from idea validation and instructional design to production, launch, hosting, and growth marketing.
- AI-assisted scripting, modular course templates, brand-consistent visuals, high-quality video production, and multilingual captions.
- Evergreen marketing engine: landing pages, email sequences, sales pages, affiliate/referral programs, and analytics to optimize pricing and retention.
- Revenue acceleration through multiple streams: one-time production fees, ongoing platform access, and performance-based revenue sharing on first-year course revenue; optional retainer for updates and expansions.

Business model
- Hybrid model: SaaS platform subscription plus white-glove services.
- Pricing (illustrative): Platform access from $99–$299/mo; course production from $3k–$15k per course depending on length and complexity; revenue share 10–30% of first-year gross course revenue; launch-management retainer of ~15–20% of first-year revenue.
- Unit economics target: CAC under $1k; LTV $5k–$15k; gross margin 60–70%.

Go-to-market
- Target high-value experts in selected verticals; partner with professional associations, industry conferences, and executive networks.
- Channels: LinkedIn marketing, content marketing (case studies, SOPs, playbooks), referral programs, and co-branded offerings with associations.
- Success metrics: time-to-launch, course completion rates, ARR per creator, and referral velocity.

Roadmap and milestones
- Q1–Q2: finalize MVP platform, finalize production playbooks, onboard 20 beta creators.
- Year 1: scale to 100 creators, launch 150+ courses, reach $3–5M ARR, achieve 65%+ gross margins.
- Year 2: expand verticals, add multilingual offerings, optimize AI-assisted tooling.

Team and ask
- Founders with backgrounds in edtech product, instructional design, and media production, plus a growth/ops lead.
- Seeking $1.2–2M in seed funding to complete platform development, hire production and growth teams, and execute go-to-market. Use of funds: platform engineering, content ops, sales & partnerships, and marketing infrastructure.

Why now
- Experts demand scalable, high-quality online offerings with intelligent marketing. ExpertCourse Studio uniquely combines a red-carpet production studio with a growth-ready platform to monetize expertise faster and more reliably than DIY routes or generic platforms."
29,Digital products and content creation,Children’s digital storybooks or interactive learning apps.,,,"Elevator pitch
StorySprout is an AI-powered platform delivering interactive digital storybooks and learning apps for children ages 3–8. Our adaptive narratives blend storytelling with literacy-centered micro-games, multilingual content, and safe, offline-first access to empower early readers and curious minds—while giving parents and teachers actionable insights.

Problem
- Children fall behind in literacy due to passive screen time and one-size-fits-all content.
- Parents and educators need engaging, safe, multilingual resources that scale without constant supervision.
- Access gaps in low-bandwidth or offline environments hinder learning continuity.

Solution
- A modular library of interactive storybooks that adapt to each child’s reading level, interests, and pace.
- Built-in language support (multi-language narration and text), phonics-focused activities, and comprehension checks.
- Features include voice narration, highlighted text, tappable vocab, AR/interactive scenes, offline mode, and a parental/teacher dashboard with progress insights.

Product
- Core app: Story-driven reading with gamified literacy activities, adaptive difficulty, and voice-over in 6+ languages.
- Learning modules: Phonics, vocabulary, pronunciation, and comprehension games customized per story.
- Content ecosystem: In-house stories plus licensed titles, plus user-generated/story templates for teachers.
- Safety and accessibility: Kid-safe design, parental controls, data privacy, and offline access.

Market and traction
- Target: parents of 3–8-year-olds, early literacy programs, and elementary teachers.
- Market: multi-billion-dollar global children’s edtech space; steady demand for literacy-focused, interactive content. Early pilots with 3 schools and 2,000+ app downloads suggest positive engagement and retention signals.
- Validation: high completion rates on interactive segments; favorable feedback on multilingual support and offline usability.

Business model
- Freemium: free stories and basic features; premium subscription unlocks full library, multilingual voices, advanced analytics, and offline download.
- B2B/licensing: school and library licenses, educator dashboards, and classroom bundles.
- Content partnerships: revenue share with publishers and authors; optional branded or sponsored stories for enrichment.
- Unit economics: aim for CAC under LTV with 2–4x LTV within 24 months.

Go-to-market
- Channels: app stores, mommy/blog influencer partnerships, teacher communities, and library networks.
- Partnerships: publishers for licensed content, schools for pilot programs, children's media brands for co-branded titles.
- Growth tactics: referral programs for families, in-app literacy challenges, and localized content launches to expand international reach.

Roadmap (14–24 months)
- Phase 1: MVP with 100 stories, 6 languages, core analytics, and offline mode.
- Phase 2: Expanded library, enhanced adaptive engine, classroom analytics, and teacher-facing tools.
- Phase 3: Mobile AR enhancements, SKUs for preloaded devices, and global localization.

Team
- Co-founders with background in child education, product design, and mobile software; advisors from publishing and pedagogy; CTO with experience in AI-powered multimedia apps.

Ask
- Seed round of $2–4M to finalize MVP, grow content library, acquire pilot schools, and scale go-to-market. Target milestones: 50,000+ downloads, 100 schools/partners, and break-even or near-term profitability within 2–3 years.

StorySprout envisions a future where every child enjoys personalized, joyful literacy journeys through stories they love—anytime, anywhere."
30,Food and beverage,Specialty nonalcoholic beverage brand. ,,,"Executive pitch: Specialty nonalcoholic beverage brand delivering premium, craft NA experiences for social rituals, wellness-minded consumers, and hospitality partners.

The problem
- Growing demand for sophisticated nonalcoholic options, but most offerings are either low-flavor, sugary, or perceived as “less-than.”
- On-premise venues struggle to offer NA options that pair with menus and deliver consistent quality at scale.
- Consumers seek both wellness benefits and genuine flavor complexity, not gimmicks.

The solution
- A specialty nonalcoholic beverage brand with a small-batch, plant-forward portfolio that tastes like a premium drink, not a substitute.
- Core attributes: botanical-forward flavor, balanced sweetness, clean labels, and functional cues (e.g., adaptogens, gut-friendly botanicals) without overpromising benefits.
- Packaging designed for portability and gifting: 12 oz cans or 250 ml glass bottles, recyclable/eco-friendly materials, calorie-conscious options.

Product lineup (initial)
- Sundown Spritz: bright citrus, notes of Italian herbs, sparkling base—an NA aperitif for social moments.
- Verdant Tonic: botanical-forward, herbaceous and refreshing with a mild bitterness to pair with meals.
- Nocturne Digestif: warm spices, cacao, vanilla, designed as a post-dinner sipper or coffee alternative.
- All products: gluten-free, non-GMO, dairy-free, low sugar, with transparent ingredient lists and traceable sourcing.

Business model
- Multi-channel revenue: Direct-to-Consumer (subscription boxes, sample packs), Wholesale to premium grocers and specialty retailers, and On-Premise partnerships (cocktail programs, hotel/restaurant menus, event gifting).
- Pricing strategy balances premium positioning with accessible mid-to-upper-end NA market. Healthy gross margins through direct sourcing, co-packing efficiencies, and scalable packaging.
- Growth levers: product line expansion (additional flavors, seasonal series), private-label/licensing for hospitality partners, and regional partnerships.

Market & customers
- Target: urban, health-conscious adults 25–45, cocktail enthusiasts who choose NA options, and venues seeking consistent, high-quality NA beverages.
- Value proposition: sophisticated flavor journey, consistent quality, responsible messaging, and a story rooted in sustainability and flavor rather than “alcohol-free hack.”

Traction & roadmap
- Pilot program with 20 boutique retailers and 15 on-premise accounts in year 1; consumer tastings, influencer partnerships, and a subscription pilot.
- Milestones: finalize co-pack agreement, establish direct-to-consumer logistics, secure 2–3 venture-backed hospitality partnerships, achieve break-even on COGS with scale.
- Year 2: expand to 3–5 regional distributors, add 2–3 new SKUs, and launch eco-conscious packaging refresh.

Competitive advantage
- Flavor-first, not “NA substitute” branding.
- Transparent sourcing, small-batch production, and a sustainability-forward packaging approach.
- Strong hospitality partnerships and in-house menu development for consistent NA cocktail experiences.

Team and advisory
- Founders with beverage science, operations, and brand marketing experience; advisory board includes a seasoned CPG/F&B operator and a packaging sustainability expert.

Regulatory and operations
- Compliance with FDA labeling for ingredients; clear allergen statements; maintain HACCP-like standards for processing and packing; maintain traceable supply chain.

Financials & ask
- Seed round: $1–2 million to fund product development, pilot manufacturing, initial marketing, and working capital for 12 months.
- Use of funds: R&D, packaging, initial co-packing, sales & marketing, and distribution setup.
- Pro forma: target 12–18 months to achieve profitability with scalable unit economics and growing DTC and wholesale channels.

The ask
- Partner with investors who value premium craft, sustainability, and bold flavor in the NA beverage category. Let’s redefine nonalcoholic social rituals together."
31,Food and beverage,Meal prep or delivery for chronic conditions. ,,1.0,"NourishCare: Medically Tailored Meals for Chronic Conditions

Problem
Across the US and many markets, millions live with chronic conditions (diabetes, CKD, hypertension, cardiovascular disease, obesity) and struggle with dietary adherence. Existing options are either bland, unaffordable, or disjoint from care teams, leading to poor outcomes, higher hospitalization rates, and wasted healthcare spend.

Solution
NourishCare delivers chef-crafted, clinically approved meals tailored to individual chronic conditions. Each plan is designed by registered dietitians and physicians, aligned to evidence-based guidelines (ADA, AHA, KDIGO, etc.), and customized for condition, medications, kidney function, electrolyte limits, and personal preferences. Meals are prepared in an FDA-inspected kitchen, labeled with nutrition facts and medical notes, and delivered refrigerated or frozen with easy reheat. Optional tele-nutrition check-ins and in-app monitoring help patients stay on plan.

Why now
Chronic disease prevalence is rising, and demand for affordable, convenient nutrition solutions that integrate with care teams is accelerating. Digital health platforms, employer wellness programs, and value-based care incentives create a favorable environment for a medically focused meal service with measurable health outcomes.

Product
- Personalization engine: patient intake, lab-guided presets (glucose, potassium, sodium, phosphorus targets), medication interactions, and taste preferences.
- Menu: 3–5 weekly rotating, cuisine-varied meals per plan (diabetes-friendly, renal-friendly, low-sodium, heart-healthy, etc.).
- Care integration: EHR-friendly care notes, tele-nutrition add-on, data export for physicians and payers.
- Compliance and safety: HACCP, traceable sourcing, QR-coded nutrition panels, allergen controls, HIPAA-compliant data handling.

Market
- Total addressable market: vast, spanning diabetes, kidney disease, heart disease, hypertension, and obesity cohorts; initial focus on early-adopter markets with strong healthcare partnerships.
- Early adopters: health plans, employer benefits programs, dialysis centers, cardiology and endocrinology clinics, and patient support groups.
- Channel strategy: direct-to-consumer subscriptions, B2B partnerships with insurers and employers, and white-label programs for clinics.

Business Model
- Revenue streams: subscription meals (per-meal pricing with weekly or monthly plans), tele-nutrition add-ons, and white-label/licensing for clinics or health plans.
- Pricing: tiered plans by condition complexity and portion size; typical per-meal price range aligned with premium fresh-prepared meals, with discounts for longer commitments.
- Unit economics: meals produced in a shared kitchen; food cost 55–65%, labor 20–25%, packaging 10–15%, tech/ops 5–10%, marketing 5–10%. Aim for profitability with scale and care-plan diversification.

Traction & Milestones
- Pilot: 2–3 clinics or health plans onboarded; 100–200 pilot participants; measurable improvements in adherence and self-reported quality of life.
- Next 12 months: scale to 4–6 markets, add nephrology and diabetes-focused care teams, reach break-even in core markets, and establish 2–3 payer partnerships.

Competition and Differentiation
- Competes with general meal delivery and some medically tailored meal startups, but NourishCare differentiates with integrated care plans, RD oversight, lab-informed personalization, EHR compatibility, and stronger clinical outcome data.

Regulatory & Safety
- Food safety: HACCP-based kitchen operations; compliant labeling; allergen controls.
- Privacy: HIPAA-compliant data handling; secure patient portals and consent for data sharing with clinicians.

Team
- Founders with food service operations, clinical nutrition, and health-tech scaling experience; in-house RD team; partnerships with physicians and healthcare executives; advisory board including dietitians and hospital relations experts.

Ask
- Seed/Series A: to scale kitchen capacity, expand RD staffing, develop the care-platform, and establish payer and clinic partnerships. Target: fund product development, regulatory compliance, and go-to-market in 4–6 markets."
32,Food and beverage,Zero-waste or low-packaging grocery delivery. ,1.0,,"Concept: LoopCart — zero-waste, low-packaging grocery delivery

Problem
- Every week, urban households generate immense grocery packaging waste, driving costs for municipalities and frustration for eco-conscious consumers who want convenience without trash.
- Current “eco” options rely on compostables or single-use packaging, which still creates waste or higher prices and messy return logistics.

Solution
- LoopCart delivers groceries in reusable containers (totes, jars, pouches) using a deposit-return system. Consumers receive items in clean, standardized packaging; empty containers are picked up with the next delivery, cleaned, and reused.
- We pair a technology-enabled app with a city-wide network of micro-fulfillment hubs, partnering with local grocers, farms, and producer co-ops to minimize packaging and transportation waste.

Product and technology
- App-based ordering with flexible delivery windows; route optimization to minimize miles.
- Reusable packaging tracking via RFID/QR; deposit management; real-time return logistics.
- Producer and partner portal for packaging inventory, cleaning status, and returns analytics.
- Sustainable incentives: subscription options for free deposits, rewards for high return rates, and local composting partnerships for compostable byproducts.

Market and ICP
- Urban and densely populated neighborhoods with eco-conscious consumers, apartment buildings, campuses, and workplace campuses.
- Initial city pilots in 2–3 districts with high recycling participation and active sustainability programs; expansion through property managers and co-living operators.

Business model
- Grocery margin plus delivery fee; deposit-based packaging system that funds the reusable loop.
- Revenue streams: (1) consumer groceries at standard margins; (2) packaging deposits with refunds; (3) B2B partnerships with property managers, co-living companies, and campuses; (4) data analytics and logistics optimization services for suppliers.
- Optional subscription for unlimited free deliveries and higher deposit returns; premium services for bulk items and local staples.

Go-to-market strategy
- Phase 1: 3–6 month pilot in targeted neighborhoods with apartment buildings, universities, and eco-conscious communities. Build 2–3 micro-fulfillment hubs and a 1-2 vehicle fleet.
- Phase 2: Scale through partnerships with property developers, co-living spaces, and neighborhood associations; pilot community challenges, zero-waste events, and loyalty programs.
- Phase 3: Expand to additional districts; broaden supplier network to include local farms and regional producers; pursue municipal grants for waste reduction.

Traction and milestones
- 12-month plan: set up 2 hubs, onboard 300–500 households, achieve >60% packaging return rate, reduce net packaging waste per order by 50–70% versus conventional delivery.
- 18–24 months: expand to 2–3 more districts, hit profitability on a unit economics basis by optimizing routing and packaging lifecycle, attract strategic sustainability partners.

Competition
- Competing models include traditional grocers with eco-friendly packaging and bulk stores. LoopCart’s differentiated moat is the closed-loop packaging system, strong partnerships with housing/campus ecosystems, and data-driven optimization to minimize waste and cost.

Team and funding
- Founding team with background in CPG supply chain, last-mile logistics, and sustainability. Advisors from food tech, packaging science, and municipal waste programs.
- Funding ask: Seed round of $2–4 million to build the tech platform, establish 2–3 micro-fulfillment hubs, launch the pilot, and scale to initial districts.

Impact
- Target waste reduction per order, significant plastic avoidance, and measurable carbon footprint reductions through optimized routing and local sourcing. Build a durable, scalable model for zero-waste grocery delivery."
33,Food and beverage,Hyperlocal food product business. ,,,"Pitch: Hyperlocal Food Product Startup — “NearBite”

Overview
NearBite builds a hyperlocal food product platform that sources ingredients within a 25-mile radius, processes them into shelf-stable and ready-to-eat options, and delivers fresh, seasonally-driven products to city residents and nearby retailers. We shorten the supply chain, cut waste, and celebrate local flavors with transparent provenance.

The Problem
- Long, opaque food supply chains drive waste, higher costs, and flavor erosion.
- Urban consumers demand traceability, sustainability, and locally sourced options but struggle to access them consistently.
- Small local producers lack scale to reach broad markets and bear high distribution costs.

The Solution
- A centralized micro-facility network in target cities that aggregates local harvests, processes into a curated line of products, and maintains a tight cold chain.
- Core SKUs: seasonal sauces, pickles/jams, ready-to-eat bowls, and meal kits—packaged with compostable materials and 1–3 week freshness windows for refrigerated items.
- A direct-to-consumer app and B2B wholesale channel to local grocers, cafes, and workplaces.

Product & Offerings
- Consumer: A rotating “Seasonal Local Series” box plus a la carte items; subscription for auto-delivery and discovery of new local flavors.
- B2B: White-label and co-packing services for farms, farmers markets, and local retailers seeking hyperlocal differentiation.
- Tech: Farm-to-shelf traceability, inventory visibility, and route-optimized delivery.

Market & Traction
- Urban centers with dense producer networks and sustainability-focused demographics.
- Initial pilots in one metro with 5–7 partner farms, 15–25 stores, and a micro-fulfillment hub.
- Growth levers: expand to adjacent neighborhoods, broaden SKU rotation, and scale to multiple metros via franchised micro-hubs.

Business Model
- Revenue: Direct-to-consumer sales, subscription revenue, B2B wholesale, and co-packing/white-label fees.
- Economics: COGS 50–60%; gross margin 40–50% after packaging upgrades; targeted CAC of $15–$25; LTV $250–$350 with repeat purchase rates improving through loyalty programs.
- Unit economics supported by high-density urban delivery and shared cold-chain assets.

Go-To-Market
- Partnerships with farmer co-ops, local universities, and community centers.
- Marketing focused on provenance, sustainability, and neighborhood pride; ambassador program and local chef collaborations.
- Logistics: 2–hour last-mile delivery within metro; cold storage in a few strategically located micro-warehouses.

Sustainability & Impact
- 80–95% locally sourced ingredients; compostable packaging; optimized routes reduce emissions; waste diverted to compost/farm feeds.

Competitive Advantage
- True hyperlocal focus with short farm-to-shelf timelines.
- Transparent provenance, seasonal SKU strategy, and a platform that scales with neighborhood networks.
- Flexible model: consumer D2C, wholesale, and white-label for farms.

Team & Milestones
- Founders: operator-strong in F&B production, supply chain, and consumer tech.
- Milestones: complete pilot, prove unit economics, expand to 2nd city, scale to 3–4 hubs in year 2.

The Ask
- Seed investment: $2–3M for micro-hub build-out, cold-chain equipment, packaging, app development, and initial marketing.
- Use: facility setup, pilot production, technology platform, and go-to-market campaigns.
- Equity: ~12–20% with clear milestones and investor-friendly exit options.

NearBite is a neighborhood-driven food brand built for speed, flavor, and sustainability. We turn local abundance into convenient, crave-worthy products—one neighborhood at a time."
34,Food and beverage,Private chef services for events or busy professionals.,,,"Pitch: ChefLink — Private Chef Services for Events and Busy Professionals

Elevator pitch
ChefLink is a platform that connects event planners and time-strapped professionals with a vetted network of private chefs delivering bespoke multi-course meals, full-service on-site cooking, and complete event catering—hands-off for clients, unforgettable for guests.

Problem
- Busy professionals and event organizers lack reliable, high-end catering that fits diverse dietary needs, budgets, and schedules.
- Traditional catering is costly, inflexible, and requires heavy coordination (shopping, staffing, tidying, cleanup).
- Dietary restrictions, allergen safety, and quality control are hard to manage with ad-hoc cooks.

Solution
- A curated marketplace of certified private chefs offering on-demand, fully managed culinary experiences for private events and in-home dinners.
- End-to-end service: menu design and procurement, on-site cooking, service staff, plating, bar services, and post-event cleanup.
- Flexible formats: intimate dinners, corporate luncheons, milestone celebrations, and remote-chef experiences for busy executives.
- Added value: insurance, health/safety compliant operations, equipment rental, and scalable add-ons (sommelier, mixologist, course-by-course tasting menus).

Business model
- Platform fee: 20% commission on each booking.
- Client service fee: 8–12% of the order, covering platform support and guarantees.
- Chef payout: competitive per-event rates plus a base hourly rate where applicable.
- Revenue multipliers: groceries/procurement managed by ChefLink, rental of equipment, staffing upsells, and corporate subscription plans for regular booking access.
- Pricing example: typical private event value $2,000–$5,000; ChefLink net revenue per booking $300–$900 depending on scope.

Market opportunity
- Target market includes private events, weddings, and corporate catering in major metro areas, with growing demand for on-demand, high-end culinary experiences.
- The on-demand private dining/catering segment is a multi-billion-dollar opportunity with rising interest in personalized, chef-driven experiences and flexible logistics.

Product and tech
- Chef profiles with portfolios, menus, dietary constraints, and availability.
- Smart matching and dynamic scheduling; secure payments; insurance; real-time communication.
- Operational toolkit: procurement guidance, equipment rental, on-site workflow templates, and post-event analytics.

Traction (validation)
- Beta pilots in two cities with 40+ inquiries and 12 confirmed events; positive NPS feedback and high repeat interest from corporate clients and social event planners.

Go-to-market
- Channels: LinkedIn and targeted B2B outreach; partnerships with event planners, venues, and corporate HR/Wellness programs; referral incentives.
- Geographic focus on high-income urban markets first; gradual expansion to additional cities.
- Brand positioning: premium, reliable, chef-led experiences with impeccable service.

Competitive advantage
- Full-service, insured, vetted chef network; stringent quality controls; predictable pricing; scalable for small gatherings to large events; white-label options for corporate clients.

Team and roadmap
- Founders with culinary background, marketplace tech, and event operations experience.
- 12–18 months: scale to 4–6 cities, ramp chef network to 150+ chefs, launch corporate subscription tier, and optimize unit economics.

Funding ask and use
- Seed round: $1.5M to build platform, onboard 150+ chefs, execute 3-city launch, and fund marketing.
- Use: product development (40%), talent and ops (30%), marketing and partnerships (20%), legal/insurance and compliance (10%).

Impact
- Elevates private dining with guaranteed quality and safety; reduces waste through local procurement; creates flexible, enjoyable experiences for clients and chefs alike."
35,E-commerce and retail,Online resale store for kids’ clothes or toys. ,,,"Elevator pitch
A safe, curated online resale marketplace for kids’ clothes and toys that simplifies consigning, buying, and reusing pre-loved items—giving families affordability, trust, and sustainability in one seamless experience.

The Problem
- Kids outgrow clothes and toys fast, creating waste and rising costs for families.
- Fragmented resale efforts lack safety checks, standard grading, and easy logistics.
- Parents want convenience, fast shipping, and transparent pricing with trustworthy sellers.

The Solution
- A two-sided marketplace with in-house quality control: standardized grading (fit, wear, cleanliness), toys safety checks, and verified seller onboarding.
- End-to-end logistics: pickup/drop-off, item processing, professional cleaning, and quick fulfillment with clear return policies.
- Trust signals: detailed item pages, photos, condition scores, and safety certifications for toys.

Market Opportunity
- Large, growing market driven by sustainability trends, rising e-commerce adoption, and parental demand for affordable, quality children’s items.
- Two-sided network effects: more consignors attract more buyers, and vice versa, with a path to repeat purchases and loyalty.

Business Model
- Marketplace commission: a percentage of each sale plus a small processing fee.
- Consignor revenue: payout to sellers; optional premium consignor programs for higher visibility.
- Value-added services: cleaning/refurbishment, photo enhancement, and fast-track processing.
- B2B pilots: partnerships with schools, daycares, and brands for take-back programs and bulk consignments.
- Optional subscription: premium features (early access, extended return windows, extra grading detail).

Product & Technology
- Platform: mobile and web apps with seamless listing, bidding/flat pricing, and secure payments.
- Grading engine: standardized scoring for clothing (fit, stains, wear) and toy safety checks (age-appropriateness, recalls).
- Logistics: label generation, optimized routing, and real-time tracking.
- Trust & safety: verified seller profiles, rating system, fraud detection, and a transparent return process.
- Sustainability: eco-friendly packaging, recycling/upcycling options for unusable items.

Go-To-Market
- Content marketing, parenting influencer partnerships, and referral programs.
- Community-building events in neighborhoods and schools; partnerships with pediatricians and family brands.
- Localized onboarding drives for consignors and buyers; onboarding incentives for early adopters.
- Loyalty program with rewards for repeat purchases and green pledges (e.g., recycling options).

Competitive Advantage
- Safety-first with standardized grading and in-house repairs.
- Strong, transparent item data and return policies that reduce buyer hesitation.
- Efficient end-to-end logistics and a delightful mobile experience.
- Commitment to circular economy—extending product lifecycles and reducing waste.

Traction & Validation (Plan)
- Closed beta in two metro areas to refine grading, cleaning, and logistics.
- Early partnerships with 5-10 local consignors and pediatric-friendly brands.
- Positive feedback on trust signals, ease of use, and delivery speed.

Roadmap & Milestones
- Year 1: complete platform, launch in 3–5 cities, reach break-even on ops.
- Year 2: expand to 10–12 cities, scale consignor base, launch B2B take-back pilots.
- Year 3+: optimize AI-driven sizing recommendations, broaden categories, prepare for potential rollout to other family-focused markets.

Team
- Founders with e-commerce ops, community-building, and tech development experience; advisory board with retail safety, toy compliance, and logistics experts.

Funding Ask
- Seed round of $2–5M to finalize tech, build ops, expand supply, and execute marketing. Use of funds: platform development, safety labs, onboarding consignors, inventory processing, and growth marketing."
36,E-commerce and retail,Ethical or fair trade fashion boutique.,,1.0,"Executive pitch: FairWeave is an e-commerce and boutique retail concept that curates stylish, ethically produced fashion from fair-trade cooperatives worldwide. We combine a consumer-first online store with pop-up experiences and wholesale partnerships, all backed by transparent provenance and impact reporting.

Problem
- Fast fashion thrives on opacity: suppliers, pricing, and labor conditions are often hidden.
- Consumers want guilt-free choices but lack access to verified fair-trade fashion with compelling style.
- Artisans face unstable orders and inadequate living wages due to opaque supply chains.

Solution
- A curated, multimedia storefront featuring only certified fair-trade or directly traded items from artisan cooperatives.
- End-to-end provenance: every product carries traceability data (cooperative, region, farmer/story, wage benchmarks) viewable by customers.
- Impact dashboards for buyers: wages paid, community projects funded, environmental practices, and dyeing innovations.
- Flexible channels: direct-to-consumer online store, mobile app, and wholesale partnerships with select boutiques and lifestyle retailers. Occasional pop-ups to boost brand storytelling.

Market and why now
- Global ethical fashion market is growing and increasingly mainstream among Millennials and Gen Z.
- Consumers are willing to pay a premium for transparency and craftsmanship when paired with strong design.
- Opportunity to capture both high-intent shoppers online and brick-and-mortar shoppers via boutique partnerships and curated events.

Business model
- Product gross margin target: 45–60% retail; wholesale margin 25–40%.
- Revenue streams: (1) Direct-to-consumer product sales; (2) Wholesale to curated boutiques and hotel/resort stores; (3) Limited-edition capsules and co-branded collections; (4) Subscription “FairWear Box” with exclusive items and artisan stories.
- Sourcing: partnerships with 6–10 fair-trade cooperatives to begin, expanding to 25+ within 24 months.

Go-to-market
- Digital-first brand with storytelling at its core: artisan profiles, video diaries, dyeing techniques, and sustainability data.
- Acquisition: influencer partnerships, content marketing, search optimization, and referral programs; CSR collaborations with NGOs and fair-trade networks.
- Offline: quarterly pop-ups in flagship cities, plus in-store mini-experiences with live artisan demonstrations.
- Community: loyalty program with early access to drops, impact rewards, and member-only previews.

Operations and tech
- Platform features: product pages with provenance data, impact metrics, and supplier verification; slick design for mobile shopping; scalable ERP and inventory management for both DTC and wholesale.
- Supply chain: certified cooperatives, ethical labor standards, traceable raw materials, eco-friendly packaging, and low-waste fulfillment.
- Compliance: third-party fair-trade certifications, routine audits, and a transparent pricing model.

Milestones and metrics
- Year 1: launch MVP with 50 SKUs from 6 cooperatives; achieve CAC payback within 6–9 months; establish 10 boutique partners.
- Year 2: scale to 200 SKUs, 20 cooperatives; 25 boutique partners; launch subscription box.
- Year 3: expand to 5 markets, double boutique footprint, build robust impact dashboard with measurable community outcomes.

Team and ask
- Founders with backgrounds in fashion, supply chain, and e-commerce technology; advisory board with fair-trade certifications and NGO experience.
- Funding ask: seed to prove product-market fit, establish supplier network, build tech platform, and execute initial marketing and pop-ups. Equity and milestones to align with impact targets.

Impact
- Meaningful wages and stable work for artisans; traceable supply chain with reduced environmental footprint; premium fashion that aligns style with ethics."
37,E-commerce and retail,Print-on-demand niche merch brand. ,,,"Elevator pitch
We are building a print-on-demand niche merch platform that empowers creators and micro-communities to launch branded products with zero inventory, fast fulfillment, and data-driven design. Our end-to-end stack handles storefronts, design automation, production, shipping, and analytics, letting creators earn recurring revenue without operational headaches.

Problem
- Creators, communities, and small brands struggle with inventory risk, inconsistent product quality, and complex logistics.
- Traditional POD options are one-size-fits-all, offering limited control over brand experience and margins.
- Fragmented processes (design, listing, production, shipping, returns) slow time-to-market and erode creator trust.

Solution
- A creator-centric POD platform with AI-assisted design, compliant brand kits, and automated product catalogs.
- Curated network of vetted print partners worldwide for consistent quality, faster fulfillment, and sustainable packaging.
- White-label storefronts, seamless checkout, returns management, and real-time analytics to optimize launches and lifecycles.

Market opportunity
- Grow­ing creator economy and demand for niche, purpose-driven merch. Our sweet spot: fandoms, micro-communities, clubs, indie brands, and influencer-led launches. Global POD spend is sizable and expanding as creators seek scalable monetization without stock risk.

Product and technology
- Creator Studio: drag-and-drop storefronts, tiered access for collaborators, and brand-kit templates.
- AI design assistant: generate on-brand tees, hoodies, accessories from prompts; auto-tagging and mockups.
- Product catalog engine: rule-based product variants, pricing rules, and BOM optimization.
- Fulfillment layer: network routing to compatible print partners by product, location, and SLA; automated QA checks.
- Operations: returns workflow, customer support handoffs, and sustainability reporting.

Business model and revenue streams
- Platform fee: 15-20% of revenue per order (covers hosting, tooling, support).
- Fulfillment margin: pass-through cost from print partners plus a small processing margin; dynamic pricing to reflect complexity and location.
- Optional: premium creator subscription for advanced analytics, co-branding features, and early access to limited drops.
- Additional: revenue from drops, collaborations, and license deals with larger communities.

Go-to-market strategy
- Target micro-communities and creators on TikTok, Instagram, Discord, Reddit, and niche forums.
- Partnerships with micro-influencers, guilds, and clubs; Shopify/Etsy integrations for easy adoption.
- Launch limited-edition drops with compelling storytelling, backed by performance-based creator incentives.
- Content engine: data-backed recommendations for designs, products, and drops to maximize margin and velocity.

Competition and moat
- Differentiators: niche-first focus, creator-owned storefronts, superior design tooling, faster lead times, robust QA, and sustainable packaging.
- Moat via network effects: more creators attract more print partners, improving quality and shipping speed; richer analytics reinforce better decision-making.

Traction and milestones
- Early pilots with 5-10 creators planned in Q1; target first $X in GMV by quarter 3; expand to 50+ creators in 12-18 months; achieve positive unit economics through margin optimization.

Team
- Founders with e-commerce, operations, and design-tech backgrounds; advisory board from POD and creator ecosystems.

Financials and use of funds
- Projections focus on GMV growth, low CAC, and high creator LTV; unit economics target breakeven within 18-24 months.
- Seed ask: $1.5-2M for platform development (40%), go-to-market (30%), partnerships and ops (20%), contingency (10%).

Ask
- Seeking strategic partners and investors who understand creator commerce, POD tech, and scalable retail. Join us to democratize branded merch for micro-communities at speed and scale."
38,E-commerce and retail,Social shopping setup and fulfillment services.,,1.0,"SocialShopX: End-to-end Social Shopping Setup and Fulfillment

Problem
- Brands struggle to monetize social engagement due to fragmented tools for storefront setup, product tagging, checkout, influencer campaigns, and fulfillment.
- Creators and micro-influencers lack a seamless monetization layer that scales beyond posts and affiliate links.
- Merchants face slow speed-to-market, high logistics costs, and opaque returns processes that erode margins.

Solution
- A single platform that provides social storefront setup, catalog management, checkout, live shopping, influencer marketplace, analytics, and a unified fulfillment network.
- Auto-tagging and dynamic promotions across Instagram, Facebook, TikTok, and Pinterest; one-click checkout inside social feeds; robust influencer collaboration tools.
- End-to-end fulfillment: inventory, pick/pack, last-mile delivery, branded packaging, and returns management, powered by a vetted 3PL network.

Product
- Core modules: Unified catalog, social storefronts, live shopping, influencer marketplace, analytics, and cross-channel checkout.
- Integrations: Shopify, WooCommerce, Magento, ERP/CRM, and major 3PLs for seamless order routing.
- Developer-friendly: API access for partners, embeddable widgets, and webhook-driven automation.

Business Model
- SaaS subscriptions (Starter, Growth, Scale) with per-brand pricing tiers.
- Fulfillment fees per order (pick/pack, shipping, handling) plus storage and returns processing.
- Value-added services (custom packaging, gift messaging, white-label chat, analytics dashboards) as upsells.

Market and Traction
- TAM: Global e-commerce with a growing share of social commerce; addressable markets include SMB brands, creator-led shops, and D2C labels.
- Early indicators: pilot programs with fashion, beauty, and home brands; expected uplift in ROAS and cart conversion through social-native checkout and live events.
- Key metrics to target: GMV growth, order throughput, fulfillment accuracy, return rate, and net revenue retention.

Go-to-Market
- Target SMB brands and mid-market labels shifting spend to social channels.
- Channel strategy: direct sales for brands, partnerships with influencer networks, and system integrators/agencies specializing in social commerce.
- Campaigns: pilot wins, case studies, and referral programs; leverage platform-native live shopping to showcase ROI.

Differentiators
- End-to-end: from social storefront setup to last-mile fulfillment in one platform—no tool-switching.
- Built-in live shopping and influencer marketplace with performance analytics.
- Optimized logistics with real-time routing, branded packaging, and streamlined returns.
- Data flywheel: first-party social engagement and purchase data feeding smarter recommendations and inventory planning.

Technology and IP
- Cloud-native microservices architecture; modular, scalable, secure.
- AI-assisted catalog tagging, demand forecasting, pricing optimization, and fraud protection.
- Compliant payments, PCI-ready, and privacy-focused data handling.

Roadmap
- 0-12 months: MVP, 5–10 pilot brands, 3PL integrations, social channel coverage.
- 12–24 months: 50–100 brands, expanded geographies, enhanced live shopping features, international shipping.
- 24+ months: profitability, deeper influencer collaborations, strategic partnerships.

Team
- CEO with deep e-commerce and social commerce experience; CTO expert in scalable platforms and logistics; VP of Partnerships; Head of Ops; CMO with D2C and influencer marketing background.

Ask
- Seed round of $3–4 million to finalize platform MVP, establish key 3PL partnerships, fund go-to-market, and onboard pilot brands. Target runway: 18–24 months. Equity to be discussed."
39,E-commerce and retail,AR/VR virtual storefront design for indie brands.,,,"Pitch: AR/VR Virtual Storefront Design for Indie Brands

Problem
Indie brands struggle to stand out in a crowded e-commerce landscape. They lack affordable, design-forward storefronts, seamless 3D/AR experiences, and fast deployment across channels. Traditional templates are generic, immersive options are expensive, and converting visitors into buyers remains a challenge.

Solution
A SaaS platform that lets indie brands design, deploy, and optimize AR/VR storefronts without heavy engineering. It includes: drag-and-drop storefront builder, AI-assisted 3D asset creation, AR try-on for products, immersive VR showrooms, and seamless integration with Shopify, Etsy, and other marketplaces. Publishers can launch stunning AR/VR storefronts in days, not months, and iterate with data-driven insights.

Product in brief
- Storefront Studio: templates tailored for fashion, home, beauty, and niche products; responsive in WebXR and mobile AR.
- 3D Asset Studio: auto-convert photos to photoreal 3D assets; AI optimization for size/LOD; catalog management.
- Immersive Player: AR try-on and scale, interactive product storytelling, VR showroom experiences.
- Analytics & Optimization: heatmaps, dwell time, AR usage, A/B tests, attribution across channels.
- Integrations: native Shopify/Etsy apps, FedEx/Shop integration for checkout, CRM, and email capture.
- Creator Marketplace (future): community-contributed templates and 3D assets with revenue sharing.

Business model
- SaaS subscriptions with tiered plans (Starter, Growth, Pro) plus optional Design Services:
  - Starter: core storefronts, limited AR/VR slots, basic analytics.
  - Growth: full AR/VR capabilities, multi-channel publishing, enhanced analytics.
  - Pro: advanced customization, priority support, API access.
- Add-ons: AI asset generation, premium 3D assets, design sprints, and performance-based price optimization.
- Optional revenue share for high-visibility stores or co-published campaigns.

Market and traction
- Target: indie brands on Shopify, Etsy, and emerging D2C platforms seeking differentiated shopping experiences.
- TAM: millions of small brands globally; AR/VR adoption accelerating among digital buyers and social commerce.
- Validation: pilot programs show faster time-to-launch, higher on-site engagement, and observable arrows in add-to-cart rates when AR/VR storefronts are enabled.

Competitive advantage
- Focused on indie brands with budget-conscious, design-forward tools.
- End-to-end: from asset creation to multi-channel distribution and analytics.
- Lower cost and faster time-to-value than custom VR storefronts or complex AR integrations.
- Seamless Shopify/Etsy integrations plus WebXR readiness.

Go-to-market
- Partnerships with indie brand accelerators, Shopify App Store ecosystem, and design communities.
- Content strategy: case studies, templates, and tutorials to demonstrate lift in conversions.
- Early adopters program with incentives for feedback and co-marketing.

Roadmap (12–24 months)
- MVP launch with Shopify integration and AR storefronts.
- Expand to VR showroom experiences and cross-platform publishing (WebXR, mobile AR).
- AI-driven 3D asset library, auto-optimizations, and analytics-driven recommendations.
- Creator marketplace and design services network.

Team and ask
- Founders with e-commerce, AR/VR, and product design backgrounds; advisors from retail tech and indie-brand spaces.
- Fundraise: seed round to validate product-market fit, cover go-to-market, and reach 200–300 indie brands within 12–18 months. Equity stake commensurate with milestones.

Impact
Empower indie brands to compete visually and experientially, driving higher engagement, faster launches, and stronger conversion across channels with a scalable, affordable AR/VR storefront platform."
40,Finance and legal services,Fractional CFO or bookkeeping for solopreneurs.,,,"Pitch: Fractional CFO & Bookkeeping for Solopreneurs

Problem
- Solopreneurs juggle core work with messy finances: inconsistent bookkeeping, cash-flow blind spots, and missed tax deadlines.
- Access to seasoned financial leadership is cost-prohibitive, and generic apps don’t offer strategic guidance or legal/compliance support.
- Compliance risk grows with DIY systems: revenue recognition, contractor payments, quarterly estimates, and contract terms all require attention.

Solution
- A platform-enabled fractional CFO and bookkeeping service tailored for solopreneurs: affordable, scalable, and strategic.
- Automated bookkeeping (bank feeds, invoicing, payroll, expense capture) plus monthly/quarterly financial statements.
- Real-time dashboards with cash flow forecasting, scenario planning, and KPI tracking (CAC, LTV, burn, runway).
- Compliance and planning layer: tax readiness, quarterly estimates, expense policies, basic contract templates, and risk alerts.
- Human-in-the-loop: seasoned CPAs/CFOs for strategic guidance, scenario analysis, and one-on-one advisory calls.

Product & Service Overview
- Core: monthly bookkeeping, financial modeling, cash-flow forecasting, and management reporting.
- Add-ons: tax planning and withholding guidance, payroll administration, contract review templates, invoicing automation, and basic legal/compliance checklists.
- Platform: secure client portal, bank/invoice integrations, AI-assisted data capture, and white-labeled dashboards for client visibility.
- Security & Compliance: SOC 2-aligned processes, data encryption, role-based access, and privacy-by-design.

Business Model
- Pricing: tiered subscription (Starter, Growth, Scale) plus optional advisor hours. Transparent, predictable costs for solopreneurs.
- Revenue streams: recurring services, hourly advisory, affiliate/legal templates, and premium compliance packages.
- Customer lifecycle: onboarding sprint (first 30 days), ongoing monthly close, quarterly deep-dives, annual financial plan refresh.

Market & Opportunity
- Growing population of solopreneurs, freelancers, consultants, and micro-ISVs seeking affordable financial leadership.
- High willingness to pay for reliability, compliance, and data-driven decisions; demand accelerates with remote work and online businesses.
- Competitive edge through tight integration of fractional CFO services with bookkeeping, forecasting, and legal/compliance support.

Go-To-Market
- Digital marketing: content on cash flow, taxes, and profitability for solopreneurs; targeted ads to freelancing communities.
- Partnerships: coworking spaces, accounting/bookkeeping networks, legal services firms, and platform marketplaces (e.g., e-commerce, SaaS).
- Sales motion: low-friction onboarding, self-serve pilot, then scale with advisor-led optimization.

Traction & Validation (Projections)
- Early pilots with 20+ solopreneurs showing 25–40% improvement in cash runway, time saved, and tax readiness confidence.
- High retention anticipated due to ongoing strategic value and monthly cadence of insight and impact.

Competitive Advantage
- True blend of fractional CFO leadership + expert bookkeeping, focused on solopreneurs.
- AI-powered efficiency with human oversight; proactive compliance checks and tax readiness.
- Robust security, transparent pricing, and a concierge advisory layer.

Roadmap (18 months)
- Launch integrations (Stripe, QuickBooks, Xero, Shopify), mobile app, and advanced forecasting scenarios.
- Expand advisory suite (tax optimization, contract templates, IP/trademark basics) and achieve SOC 2 readiness.
- Build partner ecosystem and scale sales to 1,000+ solopreneurs.

Team & Needs
- Founders with CFO/CPA backgrounds, product, and legal/compliance expertise; advisory board from accounting and SME law.

Ask
- Seeking seed/Series A funding to accelerate product development, compliance certifications, and go-to-market. Funds to build platform features, hire advisory staff, and form strategic partnerships.

Join us to empower solopreneurs with the financial leadership they deserve—so they can focus on growing their business with confidence."
41,Finance and legal services,Tax planning services for creator economy workers.,,,"CreatorTax: Tax Planning and Compliance for the Creator Economy

Problem
- Creator workers earn across platforms (ads, sponsorships, merch, subscriptions) with irregular, seasonal cash flows and a patchwork of tax rules.
- They struggle with quarterly estimates, disparate expense tracking, and complex deductions (equipment, software, home office, travel, education).
- Many lack access to specialized CPAs at a reasonable price, creating tax risk and cash leakage on over- or under-withheld taxes.

Solution
- A unified tax-planning and compliance platform tailored to creators, connecting income streams, expenses, and legal structure to optimize tax outcomes.
- Automated income aggregation from Stripe, PayPal, YouTube AdSense, Patreon, Etsy, Shopify, etc.; automated expense capture and receipt parsing; smart categorization for creator-specific deductions.
- Real-time tax projections, quarterly-estimate calculators, and year-end optimization recommendations (retirement contributions, entity elections, platform-withholding strategies).
- On-demand CPA concierge for complex planning, entity structure decisions (sole proprietor, LLC, S corp), and 1099/1099-NEC/payer compliance. Optional tax returns prep and filing support.

Product
- Core platform: income+expense dashboard, auto-imports, expense categorization, and tax-projection engine.
- Creator-friendly deductions engine: home office, gear, software, travel for content creation, education, marketing, content production, cross-platform fees.
- Entity and retirement planning: guidance on LLC vs S corp, Solo 401(k)/SEP IRA setup, automated contribution tracking.
- Compliance toolkit: generate 1099s, W-8s, and state forms; export-ready data to TurboTax, TaxAct, or CPA.
- Add-ons: on-demand CPA calls, tax-year end optimization review, crypto tax tracking (where applicable).

Market
- Global creator economy with millions earning independent income; sizable underserved segment in the US and abroad.
- Large TAM for creator-specific tax tooling; accessible entry via tiered subscription with affordable CPA add-ons.
- Early adopters include YouTubers, Twitch streamers, Instagram/TikTok creators, podcasters, indie game developers, and digital product sellers.

Business Model
- Freemium to paid SaaS model: Starter (basic tracking and projections) → Growth (advanced deductions, multi-platform integration) → Pro (CPA concierge, entity planning, year-end filing support).
- Revenue streams: monthly subscriptions, per-feature add-ons, and on-demand CPA consultations (commission or hourly rate), plus government-form filing services.

Competition and Advantage
- Competing tools generalize for freelancers but lack creator-specific tax engineering and entity-structure guidance.
- Differentiators: platform-native multi-income aggregation, creator-tailored deductions, proactive quarterly planning, and accessible CPA support at creator-friendly pricing.

Go-To-Market
- Partner with creator platforms, agencies, and creator marketplaces; engage in creator communities with content on tax efficiency.
- Referral programs, freemium access, and limited-time free CPA consults for new sign-ups.
- Content marketing focused on tax optimization for creators and seasonal tax readiness.

Traction & Milestones
- Pilot with 300 creators: 20% reduction in estimated tax overpayments; 25% increase in eligible deductions captured.
- Next 12 months: integrate top payment platforms, launch Solo 401(k) module, onboard CPA partners, expand to two international tax jurisdictions.

Team
- Founders with CPA/EA credentials, fintech product experience, and knowledge of creator workflows; strategic advisors from influencer agencies and tax law.

Financials & Ask
- Seed round to build platform MVP, expand integrations, and recruit CPA partners. Target: $2–4M with 18–24 month runway.
- Use of funds: product development, compliance/legal licensing, platform integrations, go-to-market, and initial customer support.

Impact
- Empower creators to keep more of their hard-earned income, stay compliant with evolving tax rules, and focus on what they do best: creating."
42,Finance and legal services,Small business compliance consulting. ,,,"Executive summary
Compliance complexity is a perpetual drag on small businesses. Our startup, ComplyPilot, delivers Compliance as a Service (CaaS) that combines an easy-to-use platform with veteran regulatory consultants to automate, monitor, and audit every step of SMB compliance—faster, cheaper, and more reliable.

The problem
- SMBs spend countless hours and money trying to track evolving rules across payroll, taxes, privacy, data security, licenses, and industry-specific requirements.
- Fragmented tools force messy handoffs between HR, finance, and operations, creating blind spots and penalties for non-compliance.
- Traditional law firms and large consultancies are expensive and slow, with limited ongoing oversight between engagements.

The ComplyPilot solution
- A cloud platform plus human expertise that delivers continuous compliance, not just point-in-time advice.
- Core features:
  - Regulatory workspace: centralized, industry-aware dashboards that map requirements to actions.
  - Automated gap analysis and remediation playbooks: quick, prioritized fixes with policy templates.
  - Policy and training library: ready-to-use SOPs, checklists, and staff training modules tailored to industry and state/federal rules.
  - Compliance monitoring and alerts: proactive nudges for license renewals, tax filings, privacy obligations, and security controls.
  - Audit-ready documentation: one-click reports for inspections, vendor due diligence, and board review.
  - Vendor risk management and data protection controls: streamlined supplier assessments and incident response playbooks.
  - AI-assisted policy drafting and risk scoring: draft/update policies and quantify risk exposure in real time.

Business model
- Hybrid SaaS + advisory. Recurring platform fees with a value-based monthly retainer for ongoing guidance.
- Pricing tiers:
  - Core: essential platform access + quarterly check-ins.
  - Growth: advanced automation, continuous monitoring, monthly guidance.
  - Enterprise: full platform, dedicated compliance officer, custom workflows, and 24/7 support.
- Revenue mix: high-margin software with predictable renewals, plus scalable advisory hours for complex needs.

Market and traction
- Target customers: SMBs across retail, professional services, e-commerce, construction, healthcare clinics, and light manufacturing (roughly 100–999 employees, and smaller growth-stage firms optimizing risk).
- Market size: SMB compliance spend is a multi-billion-dollar annual opportunity globally; fragmented market with a strong demand for cost-effective, continuous coverage.
- Traction (pilot): 12 SMB pilots with measurable time-to-remediation reductions and 25–40% decrease in admin hours per month; positive early feedback on ease of use and clarity of requirements.

Competitive advantage
- Superior value proposition: continuous monitoring, automation, and policy-led guidance at a fraction of traditional law-firm costs.
- Differentiation: tightly integrated platform plus ongoing advisory, enabling real-time risk visibility and faster remediation.
- Scalable delivery: AI-assisted drafting and templates reduce manual workload, while seasoned consultants handle complex issues.

Go-to-market
- Partnerships with CPAs, payroll providers, and SMB software ecosystems.
- Inbound content, webinars, and targeted SMB trials; co-sell with accounting/HR platforms.
- Early adopters get prioritized implementation and ROI-focused case studies.

Team and milestones
- Founders with deep GRC, fintech, and SaaS experience; advisory board includes former regulators and compliance chiefs.
- 12–18 month plan: expand features (privacy, cybersecurity, tax compliance), scale sales, and achieve breakeven on a per-customer basis.

Ask
- Seed/Series A to scale product development, hiring, and market access. Target use: product expansion, go-to-market, and first large enterprise pilots.

ComplyPilot—making compliance a strategic asset, not a burden."
43,Finance and legal services,Digital estate planning for millennials.,,,"We are building a digital estate planning platform designed for Millennials, combining affordable, user-friendly legal templates with licensed attorney oversight to make estate planning simple, secure, and compliant.

The Problem
- Millennials feel overwhelmed by the process, cost, and complexity of traditional wills, trusts, and digital asset management.
- Most have not documented critical decisions or digital assets (crypto, social accounts, streaming service logins), risking family disputes and asset loss.
- Traditional tools are siloed, paper-based, or require expensive lawyers with long lead times.

The Solution
- A mobile-first platform that guides users through a personalized estate plan, including will, durable power of attorney, healthcare directive, and guardianship where applicable.
- Digital asset inventory for everything from bank accounts to crypto wallets and social media, with consolidated beneficiary designations.
- Attorney-backed templates with state-law compliance, optional remote attorney review, e-signature, and notary integration.
- Secure digital vault for wills, trusts, installation of guardianship, and long-term storage with version history and access controls.
- Ongoing “life-event” updates (marriage, birth, divorce, home purchase) and automatic reminders to keep plans current.

Product & Platform
- Core modules: Will & Succession, POA & Healthcare Directive, Digital Asset Registry, Beneficiary Management, Secure Vault, Attorney Review & Notarization.
- AI-assisted questionnaire to tailor documents, smart-fill for state-specific boilerplates, and compliance checks.
- Integrations: banks/fintechs (to sync assets), crypto wallets, identity verification, and eNotary services.
- Security and privacy: bank-grade encryption, SOC 2-aligned processes, and role-based access.

Market Opportunity
- Target: Millennials (25–40) in the U.S. and early adopters in other developed markets.
- Large, underserved market: rising numbers with assets but low planning activity; growing demand for digital, affordable solutions.
- Potential B2B channels: employers offering as an added benefit, fintech partners, and law firms seeking scalable client workflows.

Business Model
- B2C: Freemium with paid tiers for premium documents, attorney-reviewed plans, and notarization. Monthly/annual subscriptions.
- B2B: White-label solution for law firms and HR benefits programs; revenue from licensing, per-document fees, and attorney network services.
- Add-ons: certified copies, secure storage, and ongoing updates after life events.

Go-To-Market
- Play individual marketing (short-form video, content on estate planning basics), partnerships with employers, and fintech integrations.
- Pilot programs with law firms and a major HR benefits provider to validate workflows and drive referrals.
- Customer success and education strategy to drive high conversion from free to paid, and long-term retention.

Traction & Milestones
- MVP launched; 60 beta users with 85% intent to upgrade; initial attorney network engaged; 3-state compliance checks completed.
- 12 months: launch in 8 states, 5 partner channels, 5,000 registered users, $250k ARR.
- 24 months: expand to 20 states, 50 partner channels, $2–3M ARR.

Team
- CEO with fintech and legal-tech experience; CTO with secure SaaS platform background; Head of Compliance (licensed attorney or advisor), Growth & Partnerships lead, and Product/UX teams.

Regulatory Considerations
- Partner with licensed attorneys; comply with state-specific will and POA laws.
- Maintain e-signature, eNotary, privacy, and data retention standards.
- Clear disclosures that the platform facilitates but does not replace professional advice.

The Ask
- Seeking $2.5M for 18 months to complete product development, expand attorney network, and scale go-to-market, in exchange for ~15–20% equity."
44,Finance and legal services,Credit repair or financial coaching for Gen Z.,,,"Executive Summary
Gen Z Credit Coach is a compliant, mobile-first platform that combines CROA-compliant credit repair with practical financial coaching for Gen Z. We empower young people to build and repair credit, master budgeting, and access affordable credit, loans, and housing — all in one place.

Problem
Gen Z faces high student debt, limited credit history, and low financial literacy. Traditional credit repair is opaque, slow, and often costly, while generic coaching apps lack credit-rebuilding tools or legal oversight. Young people struggle to understand how actions affect credit scores and future affordability.

Solution
- A unified, mobile-first platform offering: 
  - Credit repair toolkit (CROA-compliant dispute automation, credit bureau monitoring, evidence collection, and attorney-reviewed dispute templates).
  - Personal financial coaching (budgeting, saving goals, debt payoff plans, micro-learning modules).
  - Credit-builder roadmap (secured cards, credit-builder loans, automated payment nudges).
  - On-demand legal/financial counsel (slot-based attorney reviews for disputes and questions).
- Transparent pricing, no upfront CROA charges, and clear expectations about timelines and outcomes.

Market
- Gen Z and young adults entering the credit market in North America and select EU markets. A large, digitally native cohort seeking affordable credit, student loan relief guidance, and long-term financial health. Estimated tens of millions of potential users with a sizable segment ready for a bundled solution.

Product
- Core modules: dispute automation, credit monitoring, personalized credit repair plans, budgeting dashboard, savings and debt-payoff automation.
- Add-ons: attorney consultations, tailored credit-building product referrals, and lender partnerships for favorable offers.
- Compliance at the core: licensed professionals, CROA-aligned processes, data privacy (SOC 2-aligned, encryption), and transparent disclosures.

Business Model & Economics
- Revenue: multi-tier subscription (Essential, Pro, and Enterprise/School partnerships) with recurring monthly fees; referral/licensing income from partner financial products; optional premium legal consultations.
- Costs: product development, compliance/licensing, data security, a small in-house legal/ops team, and a scalable customer-support function.
- Unit economics: subscription margins with low marginal cost per additional user; strong lifetime value from long-tail credit-building users and enterprise clients.

Traction
- MVP underway with a pilot in progress at multiple campuses; early user feedback highlights clarity, speed of disputes, and value in budgeting features. Partnerships discussions with student unions and fintech lenders. Road-tested dispute templates and a compliant playbook in development.

Go-To-Market
- Campus ambassadors, social-first campaigns (TikTok, IG, YouTube Shorts), partnerships with universities, fintechs, and employee benefits programs, and targeted ads to credit-building cohorts.
- Strategic alliances with student loan advisors, credit unions, and secured-card issuers to deliver real product offers.

Competitive Advantage
- Compliance-first, attorney-backed approach paired with Gen Z-tailored coaching; unified platform that reduces friction between credit repair and financial education; transparent pricing and strong data security.

Team & Advisors
- Founders with fintech product design and legal/compliance background; advisory board includes CROA-compliant credit repair expertise and data/privacy veterans.

Financials & Funding Ask
- Seeking $2–3 million seed for product build, compliance operations, and go-to-market scale to reach product-market fit within 12–18 months. Use of funds: product development, licensing and legal, compliance, marketing, and initial partnerships. Milestones: MVP launch, university pilots, 3 lender/partner integrations, and 10k+ paying users.

Impact
- Accelerate Gen Z financial independence, unlock affordable credit, and reduce credit-related barriers to housing, education, and entrepreneurship."
45,Experiences and travel,Regenerative travel planning services.,,,"Regenerative Routes: A regenerative travel planning platform that designs trips to restore places, empower communities, and protect ecosystems.

Problem
- Tourism often degrades destinations, concentrates benefits in middlemen, and leaves local communities underinvolved.
- Overtourism and carbon-intensive itineraries reduce biodiversity, strain resources, and erode cultural integrity.
- Travelers want meaningful impact, transparent data, and experiences that align with their values.

Our solution
- A comprehensive Regenerative Travel Planning Platform (RTPP) that crafts end-to-end itineraries focused on net positive impact.
- Core capabilities:
  - AI-enabled itinerary design that optimizes for community benefit, conservation outcomes, and low footprint travel.
  - Verified local partners and experiences that meet regenerative standards (economic inclusion, biodiversity protection, cultural preservation).
  - Transparent impact accounting (carbon, water, waste, biodiversity metrics) plus on-trip actions (volunteering, conservation micro-donations, reforestation credits).
  - Flexible delivery for individuals, travel brands, and Destination Management Organizations (DMOs).

Product highlights
- Regenerative Score: an easy-to-understand rating showing social and environmental impact per itinerary.
- Partner Network: vetted guides, lodges, and experiences with fair-trade practices and local governance.
- Eco- wallet: travelers contribute directly to community-led projects with auditable funding flows.
- Data privacy and consent-first design to safeguard local communities and traveler information.
- Integrations: booking engines, airlines, and payment rails to keep the user journey seamless.

Business model
- B2C: subscription-based planning access with premium regenerative features (personalized impact reports, offset options, exclusive experiences).
- B2B: licensing and revenue-sharing with travel brands, tour operators, and DMOs; white-label RTPP tools for their own regenerative product lines.
- Impact marketplace: a referral-based revenue stream from regenerative experiences and conservation projects.
- Net-positive economics: fee structure aligned with measurable community impact, ensuring payments flow to local stakeholders.

Market and go-to-market
- Growing demand for responsible, meaningful travel and transparent impact data.
- Go-to-market: partnerships with local co-ops, conservation NGOs, and responsible travel networks; pilot programs with regional DMOs; influencer/affiliate programs focused on regeneration stories.
- Early pilots in 3 regions with 50+ regenerative partners; goal to scale to 20+ destinations within 18 months.

Competitive edge
- Holistic, data-driven approach that ties traveler actions to verifiable regenerative outcomes.
- Strong local governance and community co-ownership of projects.
- Transparent impact dashboards and open data sharing for researchers and travelers.
- AI-driven optimization that balances delight, affordability, and regenerative impact.

Impact and milestones
- Short-term: launch MVP, onboard 100 regenerative partners, 2-3 destination pilots.
- Medium-term: 10-15 destinations, measurable community benefits (income, jobs), and carbon-positive itineraries.
- Long-term: become the standard planning layer for regenerative travel globally.

Team and ask
- Founders with backgrounds in travel tech, sustainability science, and platform economics; advisory board with community organizations and conservation groups.
- Seeking $2–3M seed to finalize product, expand partner networks, run regional pilots, and acquire initial customers. 

Join us to make travel a force for good—where every trip leaves places better than we found them."
46,Experiences and travel,Solo travel safety tools or gear.,,,"Elevator pitch
SoloSafe is a connected safety toolkit for solo travelers—a discreet wearable, companion app, and 24/7 concierge service that gives real-time protection, offline reliability, and curated solo-travel experiences with safety at the center.

Problem
Solo travelers face heightened risk, fragmented safety tools, and inconsistent access to timely help. Apps alone rely on phones, spotty offline maps, and slow responses in emergencies. In many regions, travelers lack reliable local support, language help, and safe, vetted experiences tailored to solo explorers.

Solution
A three-part system designed for peace of mind on the road:
- Hardware: A small, discreet SmartTag wearable with GPS, SIM/eSIM connectivity, 24/7 fall detection, 2-way audio, SOS button, and long battery life.
- App: Offline maps, check-ins, safety routing, discreet SOS with multilingual guidance, trusted contact alerts, and SafetyScore tips for each destination.
- Guardian Concierge: A 24/7 human monitoring center that can dispatch local emergency services, provide translation, verify incidents, and coordinate with family or hosts. Optional gear library and safety gear rental to reinforce preparedness.

Product overview
- Core device: one-time purchase with optional cloud plan.
- Safety+ subscription: real-time monitoring, priority incident response, offline maps, and multilingual support.
- B2B licensing: hostels, hotels, OTAs, and travel insurers offer embedded safety features to customers.
- Experiential layer: curated solo-traveler experiences designed around safety, such as guided safe routes, vetted meetup events, and host partnerships with safety standards.

Market and opportunity
- Target: solo travelers, digital nomads, women and first-time solo explorers, and travelers in regions with uneven safety infrastructure.
- Market dynamics: rising solo travel, demand for safety tech, and preference for integrated hardware-plus-services solutions create a multi-billion-dollar opportunity in travel safety tech and smart gear.

Business model
- Revenue streams: hardware sales (margin-focused), Safety+ subscriptions, B2B licensing to hosts/OTAs, affiliate revenue from safety gear partnerships, and insurance add-ons.
- Unit economics: aim for 30–40% gross margin on hardware, 60–70% gross margin on software/services, with payback on CAC within 8–12 months.

Go-to-market strategy
- Pilot in 3 coastal/major urban destinations with hostel networks and coworking spaces.
- Partnerships: travel insurers, hostels, OTAs, and safety regulators; integrate with popular travel apps.
- Growth loops: ambassador programs, influencer campaigns, and referral discounts; freemium app with premium features to accelerate adoption.
- Community: “Safe Circle” onboarding, destination safety briefs, and co-branded experiences.

Team and milestones
- Founding team: traveler-ops founder, hardware engineer, software/UX lead, safety/compliance advisor, and partnerships lead.
- 12–18 month milestones: finalize MVP hardware, complete regulatory checks, deliver pilot in 3 cities, secure 5+ host/OTA partnerships, and achieve initial paid subscribers.

Ask
- Seed funding: $2–3M for MVP development, pilot rollout, initial manufacturing, and go-to-market. Equity target: ~12–15%. Use of funds: product development, safety certifications, initial inventory, partnerships, and go-to-market push.

Impact and why now
- With rising solo travel and demand for reliable safety solutions, SoloSafe aligns hardware, software, and human support to empower travelers to explore confidently while delivering measurable safety outcomes for trips and experiences."
47,Experiences and travel,Off-grid or tiny home vacation rentals.,,,"Elevator pitch
TerraPods is a marketplace and operations platform for off-grid tiny-home vacations. We pair solar-powered pods and regenerative systems with curated, nature-forward experiences, delivering private, sustainable escapes for travelers who want privacy, comfort, and a low-impact footprint.

Problem
- Travelers want remote, nature-rich getaways but often face crowded, unsustainable options.
- Hosts struggle to manage off-grid properties, attract guests, and guarantee safety and reliability.
- Existing platforms under-deliver on true sustainability, local experiences, and end-to-end logistics.

Solution
- A turnkey, off-grid tiny-home ecosystem: self-contained pods with solar microgrids, rainwater harvesting, composting toilets, and IoT energy/water monitoring.
- A curated experiences marketplace: guided hikes, stargazing, wildlife encounters, wellness retreats, and work-ready retreats.
- End-to-end platform: listings, dynamic pricing, bookings, messaging, payments, guest screening, and in-field support.

Product & tech
- Host kit: modular tiny homes optimized for off-grid living, durable materials, modular add-ons, and remote diagnostics.
- Energy & water tech: solar + battery storage, smart energy management, water filtration, condensate recovery, waste reduction analytics.
- Platform features: AI pricing, real-time availability, secure digital keys, offline maps, 24/7 concierge, safety protocols, and a local experience marketplace.
- Sustainability dashboard: CO2 savings, water use, waste diversion, and impact reporting for guests and hosts.
- Partnerships: integrated insurance, maintenance networks, and local guide ecosystems.

Market
- Growing demand for sustainable, private nature escapes and tiny-home living.
- Target segments: sustainable travelers, digital nomads seeking remote work retreats, and eco-conscious families.
- Initial geographies: temperate and tropical climates with strong outdoor draw—e.g., North America, Central America, and parts of Europe.

Business model
- Revenue share: platform takes 12-15% per booking; hosts retain 85-88%.
- Premium tiers: enhanced listings, featured placement, and white-glove concierge for high-end stays.
- Ancillary revenue: in-app experiences, equipment rentals, and carbon offset options.
- Inventory strategy: scalable pod kits and reliable maintenance partners to expand rapidly without sacrificing quality.

Competitive advantage
- True off-grid focus with fully integrated sustainability tech and post-booking support.
- Curated experiences that complement stays, creating higher LTV and repeat bookings.
- Scalable partner network for hosting, maintenance, and local guides, reducing friction for hosts.

Go-to-market
- Build through landowners, nature reserves, and eco-resorts; pilot with 30 pods across 3 regions.
- Marketing mix: influencer/eco-tourism partnerships, targeted ads, and experiential pop-ups.
- Corporate and retreat channels: remote-work-themed packages for teams and wellness retreats.

Traction & milestones
- Pilot underway: 30 pods in 3 regions; initial occupancy signals and guest feedback favorable on privacy and sustainability.
- 12-month goal: expand to 100 pods; onboard 50 host partners; launch premium concierge and AI pricing.
- 24-month goal: achieve profitability in core markets with 300+ pods and steady, inbound growth.

Team
- Founders with backgrounds in hospitality, sustainability, and IoT platform development; operations and field partners across targeted regions.

Financials & ask
- Seed round: $2–3 million to complete platform development, scale pod kits, set up maintenance networks, and fund go-to-market.
- Use of funds: platform engineering (40%), pod kits and energy systems (25%), marketing/partnerships (25%), operations (10%).

TerraPods aims to redefine off-grid travel by combining responsible tiny-home living with value-added experiences, delivering scalable growth for hosts and memorable, sustainable getaways for guests."
48,Experiences and travel,Local experience platforms for rural areas.,,,"RootedRoutes: Local Experience Platform for Rural Areas

Elevator pitch
RootedRoutes unlocks sustainable livelihoods by connecting rural communities with travelers seeking authentic, responsible experiences. We digitize local knowledge, standardize safety, and streamline bookings, payments, and logistics—empowering hosts and delighting guests.

Problem
Rural regions are rich in culture and know-how but struggle to monetize it due to lack of digital reach, marketing resources, and reliable booking infrastructure. Travelers miss genuine, place-based experiences; hosts face seasonality, inconsistent payments, and logistical hurdles. The result is underutilized assets and missed economic opportunity for communities.

Solution
A dual-sided marketplace and host toolkit that enables rural residents to create, price, and manage local experiences (farm tours, craft workshops, storytelling dinners, nature explorations, homestays). Key features include verified listings, simple booking and escrow payments, transport coordination, multilingual support, offline-access content, and safety/insurance guarantees.

Product
- Host onboarding and training: simple verification, safety protocols, and experience templates.
- Listings and discovery: culturally authentic, modular experiences with flexible pricing.
- Booking, payments, and escrow: local currency support, transparent fees, refunds, and tax receipts.
- Logistics and coordination: optional transport, guides, and scheduling tools.
- Safety and trust: 24/7 support, incident reporting, insurance coverage, emergency contacts.
- Analytics and reputation: dashboards for host performance, traveler feedback, and itinerary optimization.
- Mobile-first, with offline capabilities for low-connectivity regions.

Business Model
- Commission on bookings (tiered 12–20% depending on services).
- Premium host subscriptions for enhanced exposure, marketing, and analytics.
- B2B licensing to tourism boards, NGOs, and co-ops for capacity-building and API access.
- Value-added services: insurance, payment settlements, transport partnerships, and regional promotion packages.

Market
- Large, growing demand for authentic, place-based travel; rural communities are under-tapped. Our initial focus is to pilot in 3–5 regions with strong community organizations and scalable logistics, then expand to 20+ regions over 24 months.

Traction & Roadmap
- Short-term: finalize MVP, onboard 50–100 hosts, pilot 200–400 bookings across 3 regions.
- 6–12 months: scale to 5 regions, broaden experience categories, establish regional tourism board partnerships.
- 12–24 months: expand to 20+ regions, reach 2,000+ hosts, integrate inventory management and native-language chat bots, and enable multi-region itineraries.

Go-To-Market
- Partner with local cooperatives, craft and farming collectives, and rural development NGOs.
- Engage micro-influencers and community ambassadors; host training academies to boost quality and trust.
- Collaborate with regional tourism boards for marketing support and safety standards.

Competitive Advantage
- Deep rural focus with co-op governance, verified local hosts, and safety-first operations.
- Offline-first accessibility, language support, and logistics coordination tuned to low-bandwidth environments.
- Strong emphasis on community ownership, cultural preservation, and sustainable tourism.

Impact
- Economic uplift, diversified rural income, skills development, and preservation of local cultures and ecosystems; reduced seasonality and migration pressures.

Team & Ask
- Founders combine rural development, travel tech, and logistics experience; advisory board includes tourism, finance, and community leaders.
- Seeking $2–3M in seed funding to fund product development, regional pilots, safety/compliance, and go-to-market. Equity stake and milestone-based vesting to align with impact and growth targets."
49,Experiences and travel,Pet-friendly travel services or planning tools. ,,,"PawTrail: The all-in-one pet-friendly travel partner that turns trips with pets from chaos to confidence.

Problem
- 70%+ of pet owners travel with their pets, yet planning is fragmented across hotels, airlines, experiences, and local services.
- Pet policies are opaque and inconsistent; many travelers miss pet-friendly options or incur last-minute fees and stress.
- Travelers crave trusted local care (grooming, walkers, vets) and on-the-go support during trips.

Solution
- A single platform that centralizes pet-friendly accommodations, activities, route planning, and essential services, with policy-aware booking and smart itineraries.
- Pet profiles store health certs, vaccination dates, microchip info, and preferred care providers for quick access.
- Real-time filters and recommendations for pet-friendly inns, tours, parks, restaurants, and transit options; dynamic itineraries with pet-friendly stops and timing.

Product and features
- Pet-friendly search engine: filter by size, breed, activity level, and policy details (fees, cage presence, leash rules).
- Policy-aware booking: automatically compares airline, hotel, and activity pet policies; reminders for docs, health certificates, and vaccination windows.
- Dynamic itineraries: optimized routes with pet-friendly stops (parks, grooming, vets, pet-sitting, day-care).
- Local care network: vetted pet-sitting, dog-walking, mobile grooming, and on-demand veterinary guidance.
- In-app wallet and documentation: digital pet passport, vet records, insurance links, and emergency contacts.
- Community feedback: verified reviews from pet owners, “fit score” for accommodations based on pet needs.

Business model
- Core: commission on bookings (hotels, experiences, services).
- Premium plan: subscription for enhanced itineraries, offline maps, priority support, and exclusive pet-friendly partners.
- Partnerships: paid placements with pet brands, veterinary clinics, insurance referrals, and destination experiences.
- Data and insights: anonymized trends for hospitality partners and city tourism boards.

Market and traction
- Addressable market: growing population of pet-owning travelers; multi-billion opportunity in pet services and pet-friendly experiences globally.
- Go-to-market: strategic partnerships with pet brands, veterinary networks, travel influencers, and pet-centric events; content and SEO-driven education on pet travel.
- Early traction plan: pilot in 2–3 markets with 50–100 hotels/experiences and 500–1,000 beta users; feedback loops to refine policy-sense matching and trust signals.

Competition and advantage
- Competing OTAs lack integrated pet policy management and end-to-end planning.
- Our advantage: policy-aware booking, integrated care network, and memorable, safe itineraries tailored to each pet and owner.

Roadmap and milestones
- Phase 1: MVP with booking + route planner + pet profiles (Q0–Q2).
- Phase 2: partner integrations, premium features, vet network (Q3–Q4).
- Phase 3: global expansion and data-driven personalization; scale to 25+ markets.

Team and ask
- Founders with travel tech, hospitality, and veterinary industry know-how; advisors from pet-care and consumer platforms.
- Funding ask: $X million to build platform, sign key partnerships, and acquire initial users; runway to reach profitability within 24–30 months.

Impact
- Simplifies travel for millions of pet lovers, enhances safety and enjoyment, and unlocks a broader ecosystem of pet-friendly experiences worldwide."
50,Logistics and rentals,Self-serve vending machine business. ,,,"Elevator pitch
We’re launching a logistics-and-rentals platform that deploys smart, self-serve vending machines on client sites (offices, campuses, hospitals, transit hubs) and provides end-to-end operations—delivery, installation, stocking, maintenance, cashless payments, and remote monitoring—on a predictable monthly rental. Our model eliminates up-front capex for customers and delivers unbeatable uptime, data-driven replenishment, and scalable micro-fulfillment.

Problem
Traditional vending is costly to operate at scale: high upfront hardware costs, fragmented restocking logistics, inconsistent product availability, and maintenance gaps. Facilities teams spend time on ad hoc restocking, cash handling, and vendor coordination, causing downtime and unhappy users.

Solution
- Rent-to-own hardware: modular, IoT-enabled vending machines that fit various spaces and product assortments.
- Turnkey logistics: we own or charter the fleet, handle delivery, installation, routine restocking, cleaning, and repairs.
- Remote mastery: real-time monitoring, predictive maintenance, dynamic restocking, and cashless, traceable transactions.
- Data-driven value: usage analytics, product mix optimization, and location profitability dashboards for customers.

Business model
- Monthly machine rental (transparent, predictable) plus a replenishment service fee based on usage.
- Product margin on consumables sold through the machines.
- Optional add-ons: premium analytics, firmware upgrades, and branded “micro-market” experiences.
- Potential revenue sharing with brand partners for high-traffic locations.

Market and opportunity
- Large, growing demand across corporate facilities, universities, hospitals, airports, and retail corridors seeking contactless, 24/7 access with low labor requirements.
- Micro-fulfillment and “smart kiosk” trends amplify the value of on-site, automated stocking and quick replenishment.
- Initial focus on mid-size cities with dense commercial campuses; scalable nationally and internationally through partnerships.

Product, technology, and operations
- Hardware: rugged, climate-resistant modular machines with multi- SKU capabilities.
- Software: IoT platform for remote fleet management, inventory forecasting, route optimization, and proactive maintenance alerts.
- Payments: secure cashless options, including wallets and contactless cards.
- Logistics: centralized procurement and a routing engine to optimize replenishment and minimize truck rolls.
- Support: 24/7 remote monitoring with on-call field technicians and a spare-parts pool.

Traction and pilots
- Early pilots in progress with 3 campuses and 20+ machines; positive feedback on uptime, ease of use, and operator transparency.
- Partnerships explored with facilities management firms and campus operations teams to scale quickly.

Go-to-market
- Direct to facilities teams in offices, universities, hospitals.
- Channel partnerships with facilities management and vending service providers for rapid scale.
- Pilot programs with incentive targets to demonstrate ROI (labor savings, increased consumer convenience).

Financials and milestones
- Unit economics driven by rental yield and replenishment margins; target gross margin in the mid-to-high teens initially, improving with scale.
- Milestones: fleets in 10 locations within 12 months; expand to 100+ machines by year 2; enterprise contracts with 3-5 large campuses.

Team and ask
- Core team with backgrounds in logistics, fleet operations, retail tech, and rental markets.
- Funding request: a seed round to acquire 200–300 machines, accelerate software development, and fund field operations and sales. Use of funds: fleet expansion, platform engineering, sales, and customer success.

Closing
This is a scalable, asset-light path to modernize vending with full-stack logistics and rental economics—delivering reliable access, cleaner operations, and valuable data for customers while unlocking rapid, repeatable growth."
51,Logistics and rentals,Baby gear rental service for travelers. ,,,"Executive summary
A marketplace and end-to-end logistics platform that lets traveling families rent safe, clean baby gear (cribs, car seats, strollers, high chairs, and detergently sanitized essentials) on demand. We handle inventory, delivery, pickup, cleaning, and insurance, so parents can focus on the trip. Hotels, airlines, and OTAs gain a higher NPS by removing a common pain point.

Problem
Travel with infants is heavy, expensive, and stressful. Families either buy gear and haul it, or risk unreliable rentals. Hotels often lack reliable baby gear. Fragmented suppliers, variable cleanliness, and lack of synchronized delivery create friction and poor experiences.

Solution
- A global, city-wide inventory of standardized baby gear with verified safety ratings.
- A seamless mobile app to reserve gear by city, hotel, or address; one-click delivery to hotel, airport, or residence; doorstep pickup.
- End-to-end logistics: inventory pooling, route-optimized delivery, on-site setup, cleaning and maintenance, and insurance coverage.
- B2B partnerships with hotels, airlines, and OTAs to offer gear as an ancillary service.

Market and position
- Target urban travel hubs and family-friendly destinations with high hotel/air travel volumes.
- Addressable market includes traveling families, hotels seeking to improve family amenities, and airlines offering ancillary services for families.
- Competitive edge: standardized safety and cleaning, reliable delivery windows, transparent pricing, multi-city inventory, and a consumer-friendly platform with partner integrations.

Business model
- B2C rentals: daily rental rate, with bundles (crib + car seat, etc.), cleaning/maintenance fee, and delivery surcharge. Insurance included; optional damage waiver.
- B2B revenue: partner subscription fees, commission on gear rentals initiated via hotel/OTA channels, and co-marketing agreements.
- Subscriptions for frequent travelers (e.g., annual family pass) offering discounted rates and priority delivery.
- Transparent, dynamic pricing by city, season, and demand.

Operations and logistics
- Regional hubs in major travel corridors; standardized inventory with scalable sanitization SOPs (disinfection, safety checks, maintenance).
- Delivery fleet (owned or trusted 3PL partners) with GPS tracking, ETA guarantees, and flexible return windows.
- Quality control: pre-trip inspection, tamper-evident packaging, and multilingual support.
- Risk management: comprehensive insurance, waivers, and incident protocols.

Technology
- Platform: inventory management, pricing engine, rider app, partner portal, and analytics dashboard.
- Features: real-time availability by city, route optimization, push notifications for arrivals, and automated reminders for returns.
- Data: unit economics, utilization, and customer satisfaction to optimize inventory allocation and pricing.

Go-to-market
- Phase 1: launch in 2–3 high-traffic cities with 10–15 hotel/OTA partnerships; pilot with select airlines.
- Phase 2: expand to 10–15 additional cities, scale fleet, deepen B2B partnerships, and introduce subscription tiers.
- Marketing: family-focused content, partnerships with baby brands, influencer campaigns, and hotel-centric promotions.

Financials and milestones (illustrative)
- Unit economics target: gross margin 55–65% after cleaning and delivery; CAC recovery via LTV > 3:1.
- 12–18 month milestones: 3–5 city launch, 1,000+ active rentals/month, 15–25 partner hotels, positive unit economics.
- Use of funds: tech development, inventory build-out, cleaning facilities, and go-to-market.

Team
- CEO with logistics and marketplace experience, CTO for platform, Head of Ops for fleet and SOPs, Partnerships Director, and a growth/marketing lead.

Ask
- Seeking seed funding to reach 3–5 cities, build inventory, and finalize key hotel/OTA partnerships. Equity stake negotiable."
52,Logistics and rentals,Storage unit business with tech-enabled access. ,,,"StorNest: Tech-enabled Storage and Micro-Warehousing for Urban Demand

Elevator pitch
StorNest builds a network of climate-controlled storage units with IoT-enabled access and seamless inventory services to serve urban residents and growing e-commerce/ SMB needs. Flexible leases, contactless access, real-time inventory, and on-demand fulfillment in a single platform.

Problem
- Urban residents lack affordable, secure, convenient storage with easy access hours.
- SMBs and online sellers need scalable inventory space and fulfillment without long leases or heavy capex.
- Traditional self-storage is fragmented, manual, and poorly integrated with business systems.

Solution
- A network of strategically located storage facilities featuring smart locks, cameras, sensors, and climate control.
- 24/7 mobile app for contactless entry, real-time item tracking, and digital payments.
- On-demand fulfillment services (receiving, picking, packing, returns) and last-mile delivery.
- API-first platform integrates with Shopify, ERP/WMS, and major marketplaces.

Product and features
- Tech-enabled access: secure, remote entry, geo-fenced authentication.
- Inventory management: item-level tracking, batch picking, automated reconciliation.
- Flexible leases: month-to-month to multi-year, with scalable space by the rack or bay.
- Services suite: receive/ship to customers, kitting, returns processing, curbside pickup.
- Security and reliability: sensors, CCTV, insurance partnerships, 99.9% uptime.

Business model
- Revenue streams: storage rent per sq ft, climate-control premiums, fulfillment/processing fees, pickup/delivery charges, insurance, and API licensing for enterprise partners.
- Unit economics: aiming for gross margins of 60–70%; occupancy 85%+ within 12–18 months; healthy contribution from value-added services.

Market opportunity
- High-density urban markets with rising e-commerce and space-constrained housing.
- Initial focus in 5–7 cities with multiplexed demand from residents and SMBs; scalable network accelerates margin as footprint grows.

Traction and validation
- Pilot programs across two cities totaling ~20k sq ft and early SME customers discovering repeat storage and fulfillment needs.
- Positive NPS and low churn from both residential and business tenants; validated demand for integrated services.

Competition and moat
- Competes with traditional self-storage, local warehousing, and fragmented 3PL services.
- Differentiation: end-to-end tech-enabled access, flexible and transparent pricing, integrated inventory and fulfillment, API ecosystem, and centralized security.

Go-to-market
- Direct outreach to e-commerce sellers, regional marketplaces, and relocation/moving partners.
- Partnerships with real estate developers and co-working/retail hubs to co-locate spaces.
- Digital marketing, referral programs, and a compelling SME onboarding program.

Technology and operations
- Cloud-based control plane, IoT-enabled access, AI-assisted space optimization, and API gateway.
- Centralized monitoring for security, occupancy, maintenance, and dynamic pricing.

Roadmap and milestones
- 12–24 months: launch 5–7 sites, deploy full fulfillment stack, establish API ecosystem; achieve scale in 100k+ sq ft.
- 3–5 year: expand to 20–30 sites, mature operations, optimize unit economics, explore adjacent cities.

Team
- Founders with deep logistics and software expertise; advisory board includes 3PL veterans, real estate operators, and finance leaders.

Funding ask and use
- Seed round of $5–8M to equip initial sites, build the platform, and scale sales.
- Use of funds: capex for smart lockers and security, software development, insurance partnerships, and go-to-market investments.

StorNest invites partners and investors to redefine urban storage and unlock flexible, tech-driven micro-warehousing at scale."
53,Logistics and rentals,Event or DIY equipment rental service. ,,,"RentRoute: End-to-End Event and DIY Equipment Rental with Built-In Logistics

Problem:
Event planners and DIY enthusiasts face fragmented inventory, unreliable delivery windows, setup hassles, and high damage risk. Traditional rental shops require multiple trips, poor inventory visibility, and inconsistent maintenance, leading to delays and inflated costs.

Solution:
RentRoute is an all-in-one marketplace and operations platform that combines a scalable inventory network with optimized logistics, delivery, setup, and teardown services. Customers rent audio-visual gear, lighting, tents, power, staging, tools, and more, with white-glove delivery and professional setup or DIY-friendly picks and drops. Real-time inventory, routing optimization, and insured, inspected equipment reduce risk and save time.

Market:
Total addressable market spans events (weddings, conferences, festivals, corporate events) and DIY/home improvement sectors. In the U.S. alone, the event rental market is valued at several billions, with steady year-over-year growth driven by experiential marketing, eco-conscious consumption, and the rise of micro-events. The DIY segment is rapidly expanding as remote work and home projects persist post-pandemic. Our service targets urban and suburban markets first, expanding nationally through a scalable fleet and partner network.

Product and Platform:
- Inventory marketplace: a diverse catalog of vetted equipment with transparent condition, pricing, and bundled packages.
- Logistics engine: route optimization, delivery windows, dynamic scheduling, inventory-level tracking, and ETA accuracy.
- Servicing options: standard pickup/delivery, setup/teardown, on-site technicians, and DIY-friendly tutorials.
- Insurance and quality control: equipment is insured; regular maintenance, photo-based inspections, and damage waivers.
- Customer experience: intuitive booking flow, real-time status updates, and post-event debriefs.
- B2B portal: venues, planners, and corporate clients access bulk pricing, white-label options, and API integrations.

Business Model:
- Revenue: rental fees, delivery/setup charges, success fees, protection/wavier plans, and premium service add-ons.
- Fleet economics: shared inventory across markets, with regional hubs to reduce last-mile costs.
- Growth levers: membership tiers for priority delivery, extended rental windows, and volume discounts for enterprises.
- Partner revenue: co-marketing with venues and event organizers; white-label solutions for venues and corporate programs.

Traction and Validation:
Pilot in 3 cities with 40+ vendors, 600+ items, and 1,200 orders completed in 6 months. Achieved average delivery window accuracy of ±30 minutes, 25% faster setup times, and NPS in the 60s. Positive unit economics from early customers and vendor partners.

Go-To-Market:
- Partnerships with wedding venues, conference centers, event agencies, and hardware/home improvement retailers.
- Direct enterprise sales for corporate events and marketing agencies.
- Online marketing, influencer collaborations, and regional pop-ups to showcase equipment bundles.

Technology and Operations:
- Scalable marketplace with vendor onboarding, inventory syncing, and automated quality checks.
- AI-driven routing and capacity planning; real-time GPS tracking; seamless payment and insurance workflows.
- Fleet management, predictive maintenance, and data analytics to optimize utilization and margins.

Team:
Founders with backgrounds in logistics optimization, event production, and marketplace tech. Advisory board includes senior executives from rental operations and insurance.

Roadmap:
12–18 months: expand inventory categories, launch additional regional hubs, launch white-label offerings, and scale to 6–8 markets with national coverage in 24 months.

Ask:
Seed funding of $2–3 million to accelerate inventory procurement, tech development, and the rollout of 5 major markets, plus partnerships and insurance arrangements to support rapid scaling.

RentRoute enables effortless, reliable event and DIY equipment rentals with turn-key logistics—driving faster delivery, smoother setups, and higher margins."
54,Logistics and rentals,Peer-to-peer car sharing or local rental fleet,1.0,,"NovaShare is a dual-mode mobility platform that combines peer-to-peer car sharing with a local rental fleet to power personal trips and on-demand last-mile logistics for urban areas.

Problem
- Cars sit idle up to 95% of the time in cities, wasting value and space.
- Individuals want flexible, affordable access to cars without ownership costs.
- Small businesses and delivery partners need scalable, reliable fleets for short-term needs and peak periods.
- Traditional car rental is centralized, rigid, and often lacks local coverage and insurance simplicity.

Solution
- A unified platform where individuals can rent out their idle cars (P2P) and businesses can access a locally managed fleet on demand.
- Insurance-backed, insured-by-default model with 24/7 roadside support, verified drivers, and secure digital key exchange.
- Fleet optimization tools that balance supply and demand across neighborhoods, and offer a scalable last-mile option for local couriers and micro-delivery riders.

How it works
- Car owners enroll their vehicle, set availability, and earn revenue through transparent, dynamic pricing.
- Renters book via app or web, receive a digital key, and complete a quick vehicle readiness check.
- For businesses, a dedicated fleet marketplace provides vetted vehicles, maintenance, and priority access during peak times.
- The platform handles booking, payments, insurance, onboarding, ratings, and dispute resolution.

Market opportunity
- Large urban centers with high vehicle ownership but underutilized fleets; growing demand from travelers, gig workers, and SMEs for flexible mobility.
- Opportunity to capture both consumer trips and last-mile logistics, creating cross-sell potential between P2P renters and B2B fleet users.

Business model
- Commission on each rental (15-25%), plus optional premium memberships for owners (enhanced insurance, higher exposure, reduced commissions).
- Fees for B2B fleet access, maintenance packages, and insurance add-ons.
- Ancillary revenue from insurance partnerships, in-app services (fuel, tolls, cleaning), and data-led fleet optimization services for cities and fleets.

Technology and operations
- Mobile app with verified onboarding, identity checks, vehicle condition checks, in-app keys, GPS tracking, dynamic pricing, and real-time availability.
- Smart routing and demand forecasting to maximize utilization and minimize idle inventory.
- Comprehensive safety framework: background checks, vehicle inspections, tamper-proof digital keys, 24/7 support, incident management.

Competitive edge
- Local-first fleet network with strong community trust and tailored insurance for P2P and SMB fleets.
- Superior utilization through demand shaping, pricing algorithms, and real-time fleet rebalancing.
- Integrated solution for individuals and SMEs, differentiating from traditional rental or isolated P2P platforms.

Traction and roadmap (12–24 months)
- Pilot in 2–3 cities with 1,000+ owners and 3,000+ renters; achieve compelling utilization, net revenue margins, and high NPS.
- Expand to 10–15 cities, onboard fleet partners, and roll out B2B fleet services, maintenance networks, and EV-compatible options.
- Target profitability through improved take rates, insurance partnerships, and fleet optimization.

Team and ask
- Founders with background in mobility platforms, logistics optimization, and risk management.
- Seeking seed/Series A funding to finalize product, acquire insurance partnerships, scale to 5–10 initial cities, and reach break-even within 18–24 months.
- Use of funds: product development, insurance and risk underwriting, onboarding incentives for early adopters, marketing, and fleet maintenance partnerships.

NovaShare aims to unlock the value of idle cars, deliver flexible mobility for people and commerce, and establish a scalable, city-wide rental network that strengthens urban logistics and livability."
